id,name,aliases,family,definition,example,not_fallacious_when,primary_sources,source_tags,in_engine,engine_id,engine_note
FC001,Affirming a disjunct,"affirming one disjunct; fallacy of the alternative syllogism; asserting an alternative; improper disjunctive syllogism; disjunctive syllogism, fallacy of",formal: propositional,"From ""P or Q"" and P, concluding not-Q (treating an inclusive ""or"" as exclusive).","""He's either smart or hardworking. He's smart, so he isn't hardworking.""","When the disjunction is genuinely exclusive (e.g. ""the switch is on or off"").",WIK; LF; FF,WIK LF FF,no,,
FC002,Affirming the consequent,fallacy of the consequent (Aristotle); converse error; affirmation of the consequent,formal: propositional,"From ""if P then Q"" and Q, concluding P.","""If she's the thief, her prints are on the safe. Her prints are on the safe. So she's the thief.""","As abductive inference to the best explanation once rival explanations are ruled out, or when the conditional is really a biconditional; then it is defeasible evidence, not proof.","ARI-SE 5 167b1 (consequent); ARI-RH II.24 (line 6, consequence); WHA (logical); MIL V.vi; WIK; IEP; LF; FF",ARI-SE ARI-RH WHA MIL WIK IEP LF FF,yes,F069,
FC003,Commutation of conditionals,converting a conditional; conversion of a conditional,formal: propositional,"From ""if P then Q"", concluding ""if Q then P"".","""If it's a cat it has fur, so if it has fur it's a cat.""",When there is independent evidence that the relation runs both ways (a biconditional).,LF; FF,LF FF,no,,
FC004,Denying a conjunct,improper conjunctive syllogism,formal: propositional,"From ""not both P and Q"" and not-P, concluding Q.","""You can't be both at home and at work. You're not at work, so you're at home.""","Valid only if the premise is really ""exactly one of P, Q"".",LF; FF,LF FF,no,,
FC005,Denying the antecedent,inverse error; denial of the antecedent,formal: propositional,"From ""if P then Q"" and not-P, concluding not-Q.","""If it's a dog it's a mammal. It's not a dog. So it's not a mammal.""","When ""if"" is meant as ""only if"" in context (e.g. ""If you finish your homework you can go out"" often implies the converse); recognising the conversational implicature is legitimate.",MIL V.vi; WIK; IEP; LF; FF,MIL WIK IEP LF FF,yes,F070,
FC006,Improper transposition,"negating antecedent and consequent; transposition, improper",formal: propositional,"From ""if P then Q"", concluding ""if not-P then not-Q"" (instead of the valid ""if not-Q then not-P"").","""If it rains the ground gets wet; so if it doesn't rain the ground stays dry.""",Never valid as a form; sometimes the conclusion is true for other reasons.,LF; FF,LF FF,no,,
FC007,Invalid reasoning (generic formal fallacy),formal fallacy; non sequitur (formal sense); logical fallacy (narrow sense),formal: propositional,Any argument whose form does not guarantee its conclusion even if the premises are true.,"""Some politicians lie; some liars are rich; so some politicians are rich.""",Invalid by deductive standards does not mean worthless: much good reasoning is inductive or defeasible and should be judged by those standards (Massey's asymmetry thesis warns that invalidity is hard to prove).,"SEP §3.2 (Massey 1981; Finocchiaro); IEP ""Formal Fallacy""; LF; FF",SEP IEP LF FF,no,,
FC008,Affirmative conclusion from a negative premise,illicit negative,formal: syllogistic,A syllogism draws an affirmative conclusion though a premise is negative.,"""No reptiles have fur; all snakes are reptiles; so all snakes have fur.""",Never valid as a syllogism.,WIK; LF,WIK LF,no,,
FC009,Exclusive premises,two negative premises; two negative premisses; exclusive premisses,formal: syllogistic,A syllogism with two negative premises; nothing follows.,"""No fish are mammals; no birds are fish; so no birds are mammals.""",Never valid as a syllogism.,WIK; LF; FF,WIK LF FF,yes,F068,
FC010,Four terms,quaternio terminorum; four-term fallacy,formal: syllogistic,"A syllogism that actually uses four terms, usually because one word shifts meaning.","""Nothing is better than God; a sandwich is better than nothing; so a sandwich is better than God.""","Never valid; often a disguised equivocation, so diagnose the shifting term.",MIL V.vi; WIK; IEP; LF; FF,MIL WIK IEP LF FF,no,,
FC011,Illicit contraposition,false contraposition,formal: syllogistic,"Contraposing an E or I proposition, which is invalid.","""Some dogs are not pets, so some non-pets are not non-dogs"" (misapplied forms).",Contraposition is valid for A and O propositions.,LF; FF,LF FF,no,,
FC012,Illicit conversion,"false conversion; conversion of A or O propositions; inductive conversion (IEP, for ""most/many"")",formal: syllogistic,"Swapping subject and predicate where that is not allowed: from ""All S are P"" to ""All P are S"" (or ""most"" to ""most"").","""Most NBA players are tall, so most tall people are NBA players.""","Conversion is valid for E (""No S are P"") and I (""Some S are P"") propositions.",MIL V.vi (conversion of universal affirmatives and particular negatives); SEP §2.8; IEP; LF; FF,MIL SEP IEP LF FF,no,,
FC013,Illicit major,illicit process of the major; illicit process (major),formal: syllogistic,The major term covers its whole class in the conclusion but not in the premise.,"""All dogs are animals; no cats are dogs; so no cats are animals.""",Never valid as a syllogism.,WHA (illicit process); WIK; LF; FF,WHA WIK LF FF,yes,F065,
FC014,Illicit minor,illicit process of the minor,formal: syllogistic,The minor term covers its whole class in the conclusion but not in the premise.,"""All cats are mammals; all cats are animals; so all animals are mammals.""",Never valid as a syllogism.,WHA (illicit process); WIK; LF; FF,WHA WIK LF FF,yes,F066,
FC015,Negative conclusion from affirmative premises,illicit affirmative,formal: syllogistic,A syllogism draws a negative conclusion from only affirmative premises.,"""All A are B; all B are C; so some A are not C.""",Never valid as a syllogism.,WIK; LF,WIK LF,no,,
FC016,Undistributed middle,maldistributed middle; fallacy of the undistributed middle,formal: syllogistic,"In a syllogism, the middle term never covers its whole class, so the two other terms may not be linked.","""All communists oppose the bill; she opposes the bill; so she's a communist.""","Never valid; the same evidence can support a weak probabilistic inference, labelled as such.",WHA (purely logical); MIL V.vi; WIK; IEP; LF; FF,WHA MIL WIK IEP LF FF,yes,F067,
FC017,Existential fallacy,"existential assumption, fallacy of; existential import fallacy",formal: quantificational/modal,"Drawing a ""some"" conclusion from ""all"" premises that may be about nothing.","""All unicorns have horns, so some unicorns have horns.""","Valid if one adds (or the context guarantees) that the class is non-empty, as Aristotelian logic usually assumed.",WIK; LF; FF,WIK LF FF,yes,F064,
FC018,Masked man fallacy,illicit substitution of identicals; intensional fallacy; hooded man (Eubulides); epistemic substitution failure,formal: quantificational/modal,"Substituting co-referring names inside belief, knowledge or modal contexts where the substitution can change truth.","""I know my father; I don't know the masked man; so the masked man isn't my father.""","Substitution is fine in purely extensional contexts (""Cicero is Roman"" to ""Tully is Roman"").","IEP ""Hooded Man""/""Intensional""; WIK; LF; FF",WIK IEP LF FF,yes,F062,
FC019,Modal scope fallacy,modal fallacy; misconditionalization; fallacy of necessity (necessitas consequentiae vs. consequentis),formal: quantificational/modal,"Moving ""necessarily"" from a whole conditional onto its consequent.","""Necessarily, if God foreknows I'll sin, I'll sin; God foreknows it; so I necessarily sin.""",Correct when the consequent really is necessary on independent grounds.,WIK; IEP; LF; FF,WIK IEP LF FF,no,,
FC020,Quantifier shift,quantifier-shift fallacy; illicit quantifier shift; fallacy of every and all; every-and-all,formal: quantificational/modal,"Swapping ""for every x there is some y"" into ""there is some y for every x"".","""Everything has a cause, so there is one cause of everything.""",Never valid by form; the stronger claim may be argued separately.,IEP; LF; FF,IEP LF FF,yes,F063,
FC021,Some are / some are not,unwarranted contrast (one sense),formal: quantificational/modal,"Inferring ""some S are not P"" from ""some S are P"" (or vice versa).","""Some students passed, so some students failed.""","As a conversational implicature (""some"" often suggests ""not all"") it is a reasonable guess, not a deduction.",LF; FF,LF FF,no,,
FC022,Appeal to probability,appeal to possibility; possible proof (Fischer),formal: probabilistic,Treating something as true or certain because it is possible or probable.,"""Hackers could have broken in, so they did.""","In risk management, planning for likely or even possible harms is prudent; that is a practical, not factual, conclusion.",FIS (fallacy of the possible proof; via secondary sources); WIK; LF,FIS WIK LF,no,,
FC023,Base rate fallacy,base rate neglect; neglecting base rates,formal: probabilistic,Judging probability from case-specific evidence while ignoring how common the thing is overall.,"""The test is 99% accurate and he tested positive, so he almost certainly has the rare disease.""",Ignoring base rates is reasonable only when they are unknown or genuinely irrelevant to the reference class.,Kahneman & Tversky 1973 (Psych. Review 80); Bar-Hillel 1980; WIK; LF; FF,WIK LF FF,yes,F071,
FC024,Conjunction fallacy,conjunction effect; Linda problem,formal: probabilistic,"Judging ""A and B"" more probable than A alone.","""Linda is more likely a feminist bank teller than a bank teller.""","Not a fallacy if the question is read as ""which description fits better"" (representativeness), a point critics of the Linda studies have pressed.",Tversky & Kahneman 1983 (Psych. Review 90); WIK; IEP; LF; FF,WIK IEP LF FF,yes,F072,
FC025,Defense attorney's fallacy,defence attorney's fallacy,formal: probabilistic,"Dismissing incriminating statistical evidence because many others in a large population would also match, ignoring other evidence that narrows the pool.","""In a city of 10 million, 10 people match this DNA, so the match only gives a 1-in-10 chance of guilt.""",Correct only if there truly is no other evidence linking the defendant.,Thompson & Schumann 1987, LIT,no,,
FC026,Disjunction fallacy,disjunction effect,formal: probabilistic,"Judging ""A or B"" less probable than A alone.","""It's less likely that it rains or snows tomorrow than that it rains.""",Never correct by probability calculus.,LF,LF,no,,
FC027,Double counting,counting twice,formal: probabilistic,"Counting the same event or evidence more than once, inflating probabilities or support.",Citing three news reports that all repeat a single original source as three confirmations.,Repeated independent observations legitimately add support.,WIK,WIK,no,,
FC028,Gambler's fallacy,Monte Carlo fallacy; maturity of chances; fallacy of the maturity of chances,formal: probabilistic,"Thinking independent random outcomes ""even out"", so a streak makes the opposite more likely.","""Red came up six times; black is due.""","If the process is not independent (e.g. drawing cards without replacement), past outcomes do change the odds.",WIK; IEP; LF; FF,WIK IEP LF FF,yes,F046,
FC029,Hot hand fallacy,hot hand,formal: probabilistic,Believing a streak of successes makes the next success more likely in a random process.,"""He's hit five in a row; give him the ball.""","Contested: Miller & Sanjurjo (2018, Econometrica 86) found a bias in the original analysis and evidence of a real, modest hot hand in basketball shooting; streaks can reflect real changes in skill or conditions.","Gilovich, Vallone & Tversky 1985 (Cognitive Psychology 17); LF; FF",LF FF,yes,F047,
FC030,Independence fallacy,unwarranted assumption of independence,formal: probabilistic,Multiplying probabilities of events as if independent when they are linked.,"An expert squares the chance of one cot death to get the chance of two in one family, ignoring shared genetic and environmental factors.",Multiplication is correct when independence is established.,FF,FF,no,,
FC031,Inverse gambler's fallacy,Hacking's inverse gambler's fallacy,formal: probabilistic,Inferring from one improbable outcome that the process must have been run many times before.,"""Double six on the first roll? They must have been rolling for a while.""",Many-trials explanations can be legitimate when we have independent selection-effect reasons (observer selection).,Hacking 1987 (Mind 96); WIK,WIK,no,,
FC032,Lottery fallacy,lottery paradox misuse (popular),formal: probabilistic,Treating the occurrence of a specific improbable outcome as remarkable when some such outcome was bound to happen.,"""The odds of her winning were a million to one, so it must be rigged.""",Improbability matters when the outcome was specified in advance or matches an independent pattern.,FF,FF,no,,
FC033,Ludic fallacy,Taleb's ludic fallacy,formal: probabilistic,Treating messy real-world uncertainty as if it followed the clean odds of a game or model.,"""Our model says this crash is a 25-sigma event, so it won't happen again.""",Models are legitimate approximations when their assumptions are checked against the domain.,"Taleb, The Black Swan (2007); WIK; LF",WIK LF,no,,
FC034,Prosecutor's fallacy,transposed conditional; inverse probability fallacy; fallacy of the inverted conditional,formal: probabilistic,Confusing P(evidence given innocence) with P(innocence given evidence).,"""Only 1 in a million would match this DNA, so there's a 1 in a million chance he's innocent.""",None as an inference; the figures can be combined correctly using base rates (Bayes).,Thompson & Schumann 1987 (Law & Human Behavior 11); WIK; IEP,WIK IEP,yes,F074,
FC035,Accusation-scarer's device,"""Infamy must attach somewhere"" (Bentham, ad metum)",informal: relevance,Deterring accusations by warning that a failed accusation will disgrace the accuser.,"""If you can't prove this charge, you'll be ruined.""",False accusations are harmful; standards for making charges are legitimate.,BEN II.5,BEN,no,,
FC036,Ad fidentia,attacking self-confidence,informal: relevance,Attacking the person's self-confidence instead of their argument.,"""You're not even sure of yourself; why should we listen?""",Confidence levels can be relevant if the person is reporting a perception or memory.,LF,LF,no,,
FC037,Ad hominem (abusive),argumentum ad hominem; personal attack; abusive ad hominem; smear tactic; against the person; name calling; argumentum ad personam (Schopenhauer); imputation of bad character (Bentham),informal: relevance,Rejecting a claim by attacking the speaker's character instead of the argument.,"""His theory of justice is worthless; he's a drunk.""","When the speaker's credibility is itself the issue (testimony, eyewitness reliability, expert trustworthiness). Walton treats ad hominem as a defeasible scheme with critical questions; many uses are fair.","SCH 38 (ad personam); BEN II.1.2 (vituperative personalities); WAL (Ad Hominem Arguments, 1998); SEP §1, §2.4; WIK; IEP; LF; FF",BEN SCH WAL SEP WIK IEP LF FF,yes,F001,
FC038,Anti-rational fallacy,"anti-rational fallacies (Bentham); ""good in theory, bad in practice""; ""utopian""; ""too good to be practicable""; abuse of ""speculative""/""theoretical""",informal: relevance,"Dismissing an argument as ""theoretical"" or ""utopian"" without showing where it fails in practice.","""That's fine in theory but it won't work in practice.""","Theories can omit real practical constraints; name them. Schopenhauer: what is right in theory must work in practice, else the theory is wrong (stratagem 33).",BEN IV.9; SCH 33,BEN SCH,no,,
FC039,Appeal to authority (illegitimate),argumentum ad verecundiam; appeal to unqualified authority; appeal to false authority; argument from false authority; misleading appeal to authority; single authority; blind authority fallacy; anonymous authority; appeal to celebrity; self-assumed authority (Bentham); sophism of authority (Port-Royal),informal: relevance,"Accepting a claim because someone of status asserts it when their authority is irrelevant, unqualified, unnamed, contested or unexamined.","""A famous actor says this supplement cures anxiety.""","Deferring to genuine experts within their field is rational, especially when experts agree and their claim is backed by evidence (Walton's six critical questions; Bentham's conditions for reliable authority).","LOC IV.xvii.19; PR III.xx.6–7; BEN I.1, I.5; SCH 30; WAL (Appeal to Expert Opinion, 1997); SEP §1, §2.4; WIK; IEP; LF; FF",LOC PR BEN SCH WAL SEP WIK IEP LF FF,yes,F004,
FC040,Appeal to closure,need for closure appeal,informal: relevance,Accepting an explanation because people want the matter settled.,"""We need to move on; let's accept this explanation.""",Decisions often must be made under uncertainty; accept provisionally and say so.,LF,LF,no,,
FC041,Appeal to common folk,plain folks appeal,informal: relevance,"Seeking agreement by presenting oneself as an ordinary person ""just like you.""","""I'm just a regular guy like you, and I know this tax is wrong.""",Shared experience can supply relevant testimony.,LF,LF,no,,
FC042,Appeal to common sense,appeal to obviousness,informal: relevance,"Claiming a conclusion is ""just common sense"" when it is disputed.","""It's common sense that punishment deters crime.""",Common sense is a reasonable default in everyday matters and a check on wild theories.,WIK; LF,WIK LF,no,,
FC043,Appeal to consequences,argumentum ad consequentiam; appeal to consequence; consequence,informal: relevance,Judging a factual claim true or false by whether its consequences are pleasant.,"""There can't be an afterlife, because that would be terrifying.""","For practical conclusions (what to do or adopt), consequences are central and legitimate reasons.",WIK; IEP; LF; FF,WIK IEP LF FF,yes,F075,
FC044,Appeal to desperation,"politician's syllogism; ""something must be done""",informal: relevance,Arguing your proposal is right because something must be done and it is something.,"""We must do something; this is something; so we must do this.""",Urgency is a real reason to act; it doesn't pick which action.,WIK; LF,WIK LF,no,,
FC045,Appeal to emotion,argumentum ad passiones; emotional appeal; irrelevant emotional appeal; appeal to anger,informal: relevance,Getting a claim accepted by arousing feelings rather than giving reasons that bear on it.,"""Think of the children! Vote yes.""","Emotions can track real values; in deciding what to do, fitting emotions (compassion, fear of real danger) are relevant. Aristotle counts pathos as a genuine mode of proof (Rhetoric I.2).",ARI-RH I.2 (pathos as proof); ARI-RH II.24 (line 3); WIK; LF; FF,ARI-RH WIK LF FF,yes,F007,
FC046,Appeal to equality,unexplained equality appeal,informal: relevance,"Treating a claim as settled by an appeal to ""equality"" without saying what must be equal or why.","""Everyone deserves equal results, so grade everyone the same.""",Equality claims are central in ethics when the relevant respect of equality is specified and argued.,LF,LF,no,,
FC047,Appeal to extremes,extreme-case reductio,informal: relevance,Turning a reasonable claim into an absurd one by pushing it to extremes.,"""If we raise the minimum wage, why not $1,000 an hour?""",Testing a principle at its limits is legitimate (it's how reductio works) if the principle really implies the extreme.,LF,LF,no,,
FC048,Appeal to faith,fideistic appeal,informal: relevance,"Asking for acceptance on faith in place of reasons, especially when reasons point the other way.","""You just have to believe it.""","Some traditions argue faith is a distinct, legitimate mode of assent; that is a substantive philosophical claim to be argued.",LF,LF,no,,
FC049,Appeal to fear,"argumentum ad metum; scare tactic; fear appeal; hobgoblin argument (""No innovation!"", Bentham); just in case fallacy",informal: relevance,"Using fear, not evidence, to get a claim accepted.","""If you vote for him, the country will fall into chaos.""",Warning of a real and probable danger is a good practical argument.,"BEN II.2 (hobgoblin, ad metum); WIK; IEP; LF; FF",BEN WIK IEP LF FF,yes,F009,
FC050,Appeal to flattery,appeal to vanity; apple polishing,informal: relevance,Winning agreement through praise of the listener instead of reasons.,"""A smart person like you can surely see this is the right investment.""",Sincere praise can be fine; it just isn't evidence.,WIK; IEP; LF,WIK IEP LF,no,,
FC051,Appeal to force,argumentum ad baculum; appeal to the stick; appeal to threat; proof by intimidation,informal: relevance,Making acceptance a matter of threats rather than reasons.,"""Agree with the plan or you'll be looking for a new job.""","Threats are real reasons for action (laws with sanctions, negotiation), just not evidence that a claim is true. Pragma-dialectics treats it as a breach of the freedom rule.",PD (freedom rule); SEP §1; WIK; IEP; LF; FF,PD SEP WIK IEP LF FF,no,,
FC052,Appeal to heaven,appeal to divine will; deus vult,informal: relevance,Claiming a conclusion must be accepted because it is God's will.,"""God wants us to build this wall.""","Within a shared theological framework, appeals to accepted revelation are internal reasons.",LF,LF,no,,
FC053,Appeal to intuition,gut-feeling appeal,informal: relevance,Accepting or rejecting an argument on an unarticulated gut feeling.,"""I just feel it's wrong; I don't need reasons.""",Intuitions serve as data in philosophy (reflective equilibrium) and experts' intuitions can be reliable; they should be stated and weighed.,LF,LF,no,,
FC054,Appeal to loyalty,group loyalty appeal,informal: relevance,Asking people to accept a claim out of loyalty to a group or person.,"""A true member wouldn't question the leadership's numbers.""",Loyalty is a real value in deciding how to act; it isn't evidence of truth.,LF,LF,no,,
FC055,Appeal to nature,argumentum ad naturam,informal: relevance,"Treating ""natural"" as good (or ""unnatural"" as bad) without further argument.","""It's herbal, so it's safe.""","""Natural"" can sometimes be shorthand for a real property (well-tested, low-processed); argue that property directly.",WIK; LF; FF,WIK LF FF,yes,F030,
FC056,Appeal to normality,appeal to normalcy,informal: relevance,"Treating what is normal or typical as therefore good, and the abnormal as bad.","""It's not normal to be single at 40, so something's wrong.""",Statistical normality can signal safety or fit in some practical contexts.,LF,LF,no,,
FC057,Appeal to novelty,argumentum ad novitatem; appeal to modernity,informal: relevance,Treating something as better simply because it's new.,"""It's the latest version, so it must be better.""","In fast-improving fields, newer often is better on average; a presumption, not a proof.",WIK; LF,WIK LF,yes,F029,
FC058,Appeal to pity,argumentum ad misericordiam,informal: relevance,Seeking acceptance by evoking sympathy rather than reasons.,"""Professor, I deserve an A; I've had a terrible semester.""","Suffering is relevant when the question is about mercy, aid or sentencing.",SEP §1; WIK; IEP; LF; FF,SEP WIK IEP LF FF,yes,F008,
FC059,Appeal to popularity,argumentum ad populum; appeal to the people; appeal to common belief; appeal to common practice; consensus gentium; authority of the many; argument by consensus; appeal to the masses; appeal to the mob; mob appeal; appeal to the gallery; ad numerum; common belief,informal: relevance,Treating wide acceptance as proof that a claim is true or good.,"""Millions of people believe in astrology, so there must be something to it.""","In matters of convention (word meanings, etiquette, which side of the road) popularity is constitutive; independent agreement of many can be weak evidence.",SEP §1; WIK; IEP; LF; FF,SEP WIK IEP LF FF,yes,F005,
FC060,Appeal to pride,argumentum ad superbiam; appeal to snobbery,informal: relevance,Persuading by appealing to the listener's pride or sense of status.,"""Only discerning people appreciate this wine.""",Appeals to self-respect can be motivationally fair when the action is independently justified.,IEP; FF,IEP FF,no,,
FC061,Appeal to ridicule,appeal to mockery; horse laugh; reductio ad ridiculum,informal: relevance,Mocking a position instead of answering it.,"""Evolution? So your grandfather was a monkey?""",Satire can fairly expose a real absurdity after it has been shown.,WIK; LF,WIK LF,no,,
FC062,Appeal to self-evident truth,alleged self-evidence,informal: relevance,"Declaring something self-evident when it is disputed, to avoid arguing for it.","""It's self-evident that markets are always efficient.""",Genuine axioms and definitions are starting points (Spinoza's axioms; pragma-dialectical starting points) if actually shared.,LF,LF,no,,
FC063,Appeal to spite,appeal to hatred; appeal to envy; argumentum ad odium (Bentham's class); argumentum ad invidiam,informal: relevance,Using ill will toward someone as a reason to accept or reject a claim.,"""Support the tax; those snobs deserve to pay.""",Resentment can point to a real injustice that then needs argument.,BEN II.1 (ad odium); WIK; LF; FF,BEN WIK LF FF,no,,
FC064,Appeal to stupidity,anti-intellectual appeal,informal: relevance,"Urging an audience to devalue reason, expertise or discussion.","""You don't need fancy studies; just trust your gut like normal people.""",Scepticism about overconfident experts can be reasonable when grounded.,LF,LF,no,,
FC065,Appeal to the law,legalistic fallacy,informal: relevance,"Treating what is legal as therefore right, or illegal as therefore wrong.","""It's legal, so there's nothing wrong with it.""",Law often reflects considered moral judgments and the value of the rule of law is itself a reason.,LF,LF,no,,
FC066,Appeal to the moon,"""if we can put a man on the moon""",informal: relevance,"Arguing that because one hard thing was achieved, an unrelated hard thing must be achievable.","""If we can put a man on the moon, we can cure the common cold.""",An analogy of difficulty can be fair if the challenges are actually similar.,LF,LF,no,,
FC067,Appeal to the stone,argumentum ad lapidem; pooh-pooh; dismissal without argument,informal: relevance,Dismissing a claim as absurd without showing why.,"""That's obviously ridiculous"" (said in reply to a sceptical argument).","Appeals to plain, shared certainty (Moore-style) carry some weight, and triage of crank claims is often reasonable.","Named after Samuel Johnson's stone-kick reply to Berkeley (Boswell, Life of Johnson, 1791); WIK",WIK,no,,
FC068,Appeal to tradition,"argumentum ad antiquitatem; wisdom of our ancestors (Bentham's ""Chinese argument""); appeal to past practice; traditional wisdom; argument from age; past practice",informal: relevance,Treating long standing as proof that something is true or right.,"""We've always done it this way.""","Long-lived practices may encode tested knowledge (a presumption, as in ""Chesterton's fence""); fallacious only when age replaces examination.",BEN I.2; WIK; IEP; LF,BEN WIK IEP LF,yes,F028,
FC069,Appeal to trust,trusted-source fallacy,informal: relevance,Assuming whatever a trusted source says is true (or untrusted source false).,"""It was in that paper, so it's true.""",Trust in reliable sources is rational as a default; it should yield to specific contrary evidence.,LF,LF,no,,
FC070,Appeal to wealth or poverty,argumentum ad crumenam; argument to the purse; appeal to money; argumentum ad lazarum; appeal to poverty,informal: relevance,Judging a claim by the wealth or poverty of its proponent.,"""He's a billionaire, so his economic advice must be right.""",Wealth or poverty can be relevant evidence of a track record or of lived experience.,WIK; IEP; LF,WIK IEP LF,no,,
FC071,Bandwagon fallacy,bandwagon; peer pressure; appeal to trend,informal: relevance,Urging belief or action because more and more people are adopting it.,"""Everyone's switching to this app; you should too.""",Network effects make popularity a real practical reason (a phone network everyone uses).,IEP; FF,IEP FF,yes,F006,
FC072,Bulverism,psychogenetic fallacy,informal: relevance,"Assuming a view is wrong and explaining why the person holds it, instead of showing it is wrong.","""You only believe in free markets because you're rich.""","Once an error is shown independently, explaining its psychological origin is fair.","C. S. Lewis, ""Bulverism"" (1941 essay; repr. in God in the Dock); WIK; LF",WIK LF,no,,
FC073,Chronological snobbery,C. S. Lewis's chronological snobbery,informal: relevance,"Rejecting an idea because it belongs to an earlier, supposedly discredited era.","""People believed that in the Middle Ages, so it's obviously wrong.""",An older view may have been specifically refuted; then cite the refutation.,"C. S. Lewis, Surprised by Joy (1955), ch. 13; WIK",WIK,no,,
FC074,Circumstantial ad hominem,appeal to motive; faulty motives; vested interest; imputation of bad motive; imputation of bad design (Bentham),informal: relevance,Dismissing a claim because the speaker's situation or interests might motivate it.,"""Of course the oil executive says the pipeline is safe.""","An interest is a good reason to check the evidence harder, and decisive when we rely only on the person's word.","BEN II.1.1, II.1.3; SEP §2.4; WIK; IEP",BEN SEP WIK IEP,no,,
FC075,Confusing an explanation with an excuse,explanation-justification confusion,informal: relevance,Treating an explanation of something as if it justified it (or rejecting an explanation because it seems to excuse).,"""You're explaining why terrorists act; so you're defending them.""",Some explanations do mitigate responsibility; say so.,IEP; LF,IEP LF,no,,
FC076,Courtier's reply,appeal to the unread literature,informal: relevance,Dismissing a critic because they haven't studied the field's (often unspecified) sophisticated literature.,"""You can't criticise astrology until you've read the great astrologers.""",Fair when the critic demonstrably misunderstands a specific technical point.,"P. Z. Myers, Pharyngula blog (2006) (coined); WIK",WIK,no,,
FC077,Fallacy of relative privation,relative privation; appeal to worse problems; not as bad as; false consolation (Bentham),informal: relevance,Dismissing a problem because worse problems exist elsewhere.,"""Why complain about potholes when people are starving?""",Prioritizing scarce resources by severity is legitimate in planning.,"BEN III.2 (false consolation, ad quietem); WIK; LF",BEN WIK LF,yes,F077,
FC078,Gadarene swine fallacy,herd-direction fallacy,informal: relevance,Assuming that the person out of step with the group must be the one who is wrong.,"""Everyone else agrees; you must be mistaken.""",Majority judgment is often a reasonable default (wisdom of crowds) when judgments are independent.,LF,LF,no,,
FC079,Galileo gambit,Galileo fallacy,informal: relevance,"Claiming that because an idea is ridiculed or opposed, it must be true (as Galileo's was).","""They laughed at Galileo, and they laugh at me.""",Persecution can be evidence of an establishment's motives; the idea still needs evidence.,LF,LF,no,,
FC080,Genetic fallacy,fallacy of origins; bad seed (IEP),informal: relevance,Judging a claim by where it came from instead of on its merits.,"""That idea came from a cult leader, so it's false.""","Origin bears on the reliability of testimony and sources, and debunking explanations can be strong (Boudry et al. 2015).","Cohen & Nagel, An Introduction to Logic and Scientific Method (1934) (early use); WIK; IEP; LF; FF",WIK IEP LF FF,yes,F027,
FC081,Group think fallacy,groupthink (argument form),informal: relevance,Substituting pride in group membership for reasons supporting the group's view.,"""If that's what our team thinks, that's good enough for me.""",Trusting a group with a strong track record is a form of reasonable deference.,IEP,IEP,no,,
FC082,Guilt by association,"association fallacy; bad company fallacy; company that you keep fallacy; honor by association; noscitur ex sociis (Bentham); fallacy of opposition; imputation of suspicious connections; identity of denomination (noscitur ex cognominibus, Bentham)",informal: relevance,Judging a claim or person by the company they keep or a label they share rather than on the merits.,"""That policy is supported by extremists, so it must be bad.""","Associations can be evidence about a person's likely views or about risk (base rates), and membership can imply endorsement.",BEN II.1.5–6; WIK; IEP; LF; FF,BEN WIK IEP LF FF,yes,F025,
FC083,Identity fallacy,argument from identity,informal: relevance,"Judging an argument by the arguer's social identity (class, gender, ethnicity, etc.).","""You're a man, so your view on this policy doesn't count.""",Lived experience can be relevant testimony or evidence about a situation.,LF,LF,no,,
FC084,Irrelevant conclusion,ignoratio elenchi; missing the point; beside the point; irrelevant thesis; irrelevant reason,informal: relevance,An argument that may be good in itself but proves something other than what is at issue.,"""The defendant is a devoted father, so he couldn't have committed fraud.""",Proving a related conclusion is fine if it is acknowledged as different.,"ARI-SE 5 167a21; WHA (material: irrelevant conclusion); MIL V.vii; SEP §2.1, §2.7; WIK; IEP; FF",ARI-SE WHA MIL SEP WIK IEP FF,yes,F003,
FC085,Lack of proportion,"exaggeration; making a mountain out of a molehill; amplification (deinosis, Aristotle)",informal: relevance,Exaggerating or downplaying a crucial point so its weight is misjudged.,"""One tourist was mugged, so the whole country is lawless.""",Emphasis is legitimate when the weight given matches the evidence.,"ARI-RH II.24 (line 3, indignant language); IEP",ARI-RH IEP,no,,
FC086,No-precedent argument,unprecedented-so-wrong,informal: relevance,Rejecting a proposal only because it has never been done before.,"""No parliament has ever done this, so we shouldn't.""",Lack of precedent signals untested risks and may justify caution or trials.,BEN I.4,BEN,no,,
FC087,Notable effort,effort as evidence,informal: relevance,Treating the effort spent on something as a reason to accept its conclusion.,"""He worked on this theory for 20 years, so it must be right.""",Effort can correlate with thoroughness; check the work itself.,LF,LF,no,,
FC088,Nutpicking,nut-picking; weak man (related),informal: relevance,Holding up an opposing group's most extreme or foolish member as if typical.,"""Here's a video of one protester saying something absurd; that's what they all think.""",Fringe statements matter if shown to be representative or influential.,WIK; LF,WIK LF,no,,
FC089,Official malefactor's screen,"""Attack us, you attack Government"" (Bentham, ad metum)",informal: relevance,Defending officials by treating criticism of them as an attack on government itself.,"""Questioning this minister undermines the state.""",Some attacks on officials really are aimed at the institution; show it.,BEN II.4,BEN,no,,
FC090,Opposer-general's justification,"""Not measures but men"" / ""Not men but measures"" (Bentham, ad invidiam)",informal: relevance,Opposing everything an opponent proposes because of who they are (or claiming principle while doing so).,"""Whatever the government proposes, we oppose.""",Opposition parties may rightly scrutinize; blanket opposition is not argument.,BEN IV.14,BEN,no,,
FC091,Paradoxical assertion,"paradoxical assertion (Bentham, ad judicium)",informal: relevance,"Discrediting a principle by asserting the paradox that it is dangerous or useless (e.g. ""the principle of utility is dangerous"").","""Simplifying the law would be mischievous.""",Surprising claims can be true and should be argued.,BEN IV.10,BEN,no,,
FC092,Partiality-preacher's argument,"""From the abuse, argue not against the use"" (Bentham)",informal: relevance,Defending an institution by condemning its abuses in general terms while blocking any specific remedy.,"""Yes, there are abuses, but don't touch the system.""","Abuses can be separable from use, but then propose remedies for them.",BEN IV.12,BEN,no,,
FC093,Poisoning the well,preemptive ad hominem,informal: relevance,Discrediting a source in advance so anything they say is dismissed.,"""Before my opponent speaks, remember he's a paid lobbyist.""",Warning an audience about a documented record of fabrication is legitimate.,"Phrase associated with J. H. Newman's reply to Kingsley (Apologia, 1864); WIK; IEP; LF; FF",WIK IEP LF FF,yes,F026,
FC094,Popular corruption,"popular corruption (Bentham, ad superbiam)",informal: relevance,Arguing reform is pointless because the people are too corrupt to deserve or use it.,"""The voters are too ignorant to be trusted with this power.""",Concerns about institutional capacity are legitimate when evidenced.,BEN IV.7,BEN,no,,
FC095,Positive ad hominem,"laudatory personalities (Bentham, ad amicitiam); appeal to accomplishment; argument from good character",informal: relevance,Defending a claim or measure by praising the character or achievements of those who back it.,"""She won a Nobel Prize in physics, so her diet book is right.""",Character and track record matter when we must rely on someone's judgment or discretion.,BEN I.6; WIK; LF,BEN WIK LF,no,,
FC096,Pragmatic fallacy,argument from practical benefit,informal: relevance,Claiming something is true because believing it worked or was beneficial for someone.,"""Wearing my lucky socks works; I've won since I started.""","Pragmatist theories of truth exist; within them, usefulness is argued as a criterion, not assumed.",LF,LF,no,,
FC097,Red herring,smokescreen; clouding the issue; distraction; artful diversion (Bentham); diversion (Schopenhauer),informal: relevance,Introducing an irrelevant topic to pull attention away from the issue.,"""Why worry about pollution when unemployment is so high?""",Raising a genuinely more urgent related issue is fair if openly framed as a change of topic.,BEN III.5; SCH 18; SCH 29; IEP; LF; FF,BEN SCH IEP LF FF,yes,F003,
FC098,Reductio ad Hitlerum,Hitler card; argumentum ad Nazium; playing the Nazi card,informal: relevance,Discrediting a view because Hitler or the Nazis held it.,"""Hitler was a vegetarian, so vegetarianism is suspect.""",Fair if the view under discussion is substantially the same as a Nazi policy whose wrongness is the very point.,"Strauss, Natural Right and History (1953) (coined); LF; FF",LF FF,no,,
FC099,Righteousness fallacy,self-righteousness fallacy; good-intentions fallacy,informal: relevance,"Assuming that because someone's intentions are good, their facts or arguments are right.","""She means well, so her statistics must be accurate.""","Intentions bear on blame and trust, not truth.",LF,LF,no,,
FC100,Rights to ought fallacy,rights-ought conflation,informal: relevance,Treating having a right to do something as showing one ought to do it.,"""I have a right to say it, so it's right to say it.""",Rights do establish permissions; whether to exercise them is a further question.,LF,LF,no,,
FC101,Scapegoating,scapegoat,informal: relevance,Unfairly blaming a person or group for a problem.,"""The economy is bad because of immigrants.""",Assigning blame to the actually responsible party is legitimate.,IEP; LF,IEP LF,no,,
FC102,Self-trumpeter's fallacy,argument from professed integrity,informal: relevance,Officials citing their own professed integrity or good intentions as proof their conduct needs no scrutiny.,"""I have served with honour for 30 years; this inquiry is an insult.""","A track record is evidence, but not a substitute for checking the specific conduct.",BEN I.5.2,BEN,no,,
FC103,Statement of conversion,conversion-story appeal,informal: relevance,Accepting a claim because someone tells how they were converted to it.,"""I used to be a sceptic like you, but now I believe.""",A conversion story may convey the reasons that persuaded someone; evaluate those reasons.,LF,LF,no,,
FC104,Straw man,strawman; refutation by caricature; caricaturization; misrepresentation; extension (Schopenhauer),informal: relevance,Attacking a distorted or weakened version of the opponent's position.,"""She wants more bike lanes; so she wants to ban cars.""",Simplifying for exposition is fine if acknowledged; testing the real commitments of a view by reductio is legitimate. Pragma-dialectics: violates the standpoint rule.,PR III.xix.1; SCH 1; PD (standpoint rule); SEP §1; WIK; IEP; LF; FF,PR SCH PD SEP WIK IEP LF FF,yes,F002,
FC105,Style over substance,sophism of manner (Port-Royal); argument by personal charm; argument by fast talking; rhyme-as-reason,informal: relevance,"Letting the elegance, fluency or charm of a presentation stand in for the merit of the case.","""He spoke so confidently and smoothly; he must be right.""",Clear presentation is a virtue; it helps understanding without proving anything.,PR III.xx.8; WIK; IEP; LF,PR WIK IEP LF,no,,
FC106,Subjectivist fallacy,"relativist fallacy; ""true for you but not for me""",informal: relevance,Rejecting a claim on the grounds that truth is relative to the person.,"""That may be true for you, but it isn't for me.""","Some claims really are perspective-relative (taste, some value judgments); then say so and why.",IEP; LF,IEP LF,no,,
FC107,The end justifies the means,end-justifies-means (Bentham),informal: relevance,"Defending wrongful means by appeal to a good end, without weighing the means.","""We had to suppress the press to save democracy.""",Consequentialist ethics does weigh means by outcomes; it must count the means' costs too.,BEN IV.13,BEN,no,,
FC108,"The quietist (""No complaint"")","no complaint argument; quietist (Bentham, ad quietem)",informal: relevance,Claiming a grievance is unreal because few or none have complained.,"""Nobody has complained about the rules, so they must be fair.""",Absence of complaints is weak evidence of satisfaction where complaining is easy and safe.,BEN III.1,BEN,no,,
FC109,Time the innovator-general,time as innovator (Bentham's counter-fallacy),informal: relevance,Arguing change is inevitable or good merely because times change.,"""Times have changed; the law must change.""",Changed conditions are a real reason to revisit rules if specified.,BEN II.2.3,BEN,no,,
FC110,Tone policing,tone argument,informal: relevance,Dismissing a message because of its emotional tone rather than its content.,"""I'd listen if you weren't so angry.""","Tone can matter to whether a discussion can continue (civility norms), but not to whether the claim is true.",WIK,WIK,no,,
FC111,Traitorous critic fallacy,"ergo decedo; ""love it or leave it""",informal: relevance,"Answering criticism by saying the critic should leave the group, implying disloyalty.","""If you hate this country so much, move somewhere else.""",Questions about a critic's goals can be fair when evidence shows bad faith.,WIK; LF,WIK LF,no,,
FC112,Tu quoque,you too; appeal to hypocrisy; whataboutism (related); imputation of inconsistency (Bentham),informal: relevance,Rejecting a criticism because the critic does the same thing.,"""You say I shouldn't smoke, but you smoke.""",Hypocrisy can be evidence the critic doesn't believe their own claim or lacks standing to blame; inconsistency is a fair challenge to someone's commitments.,BEN II.1.4; WIK; IEP; FF,BEN WIK IEP FF,yes,F024,
FC113,Two wrongs make a right,two wrongs,informal: relevance,Justifying a wrong by pointing to another wrong.,"""They cheated last year, so it's fine for us to cheat now.""",Proportionate retaliation or reciprocity can sometimes be argued on independent grounds (e.g. legal self-defence).,WIK; LF; FF,WIK LF FF,no,,
FC114,Wishful thinking,argument from desire,informal: relevance,Believing something because you want it to be true.,"""The test results must be fine; I don't want to be sick.""",Hope can be a reasonable motive for action under uncertainty; it isn't evidence.,WIK; IEP; LF; FF,WIK IEP LF FF,yes,F076,
FC115,Accent,fallacy of accent; accentus; misleading accent; prosody,informal: ambiguity,"Changing meaning by shifting emphasis (or, in Greek, diacritical accent).","""We should not speak ILL of our friends"" (so it's fine to speak ill of others).",Emphasis is legitimate when it clarifies the intended meaning.,ARI-SE 4 166b1; WIK; IEP; LF; FF,ARI-SE WIK IEP LF FF,yes,F021,
FC116,Allegorical idols,"allegorical idols (Bentham, ad imaginationem)",informal: ambiguity,"Using an abstraction like ""the Law"" or ""the Church"" so that the honour due to it shields the people who run it.","""Criticising these judges is an attack on the Law itself.""",Institutions do deserve some respect beyond their staff; the argument must still address the conduct.,BEN IV.4,BEN,no,,
FC117,Amphiboly,amphibology; syntactic ambiguity,informal: ambiguity,Ambiguity from sentence structure rather than a single word.,"""The police were told to stop drinking on campus after midnight.""",Ambiguous sentences are harmless when context fixes the reading.,ARI-SE 4 166a6; SEP §1; IEP; FF,ARI-SE SEP IEP FF,yes,F018,
FC118,Appeal to definition,dictionary appeal,informal: ambiguity,Using a dictionary definition as proof a term can't have another or broader meaning.,"""The dictionary says 'theory' means a guess, so evolution is just a guess.""",Dictionaries are good evidence of common usage.,LF,LF,no,,
FC119,Bad classification,bad classification (Mill),informal: ambiguity,"Grouping things under one name though they share no important property, then generalizing about the group.","Lumping all ""toxins"" together and concluding they're all harmful at any dose.",Rough classes can be useful starting points.,MIL V.v.8,MIL,no,,
FC120,Category mistake,category error,informal: ambiguity,Presenting facts of one logical type as if they belonged to another.,"Asking where ""the university"" is after being shown every building.",Metaphor deliberately crosses categories without inferential claims.,"Ryle, The Concept of Mind (1949), ch. 1", LIT,no,,
FC121,Changing the premises,shifting ground; changing the premises (Mill),informal: ambiguity,"In a chain of argument, proving one proposition and then building on a different one that resembles it.","Proving ""some taxation is legitimate"" and then arguing as if ""this tax is legitimate"" had been shown.",Moving to a stronger premise is fine if it's separately supported.,MIL V.vi.4,MIL,no,,
FC122,Circular definition,defining in terms of itself,informal: ambiguity,Defining a term using the term itself or a synonym.,"""A cause is that which causes.""",Inter-defined primitives are unavoidable at some point in any system (Spinoza's Ethics starts from definitions taken as given).,LF,LF,no,,
FC123,Composition,"fallacy of composition; combination (of words, Aristotle; modern mapping contested)",informal: ambiguity,Inferring that a whole has a property because its parts do.,"""Every player is excellent, so the team is excellent.""","Some properties do transfer (every brick is red, so the wall is red); the question is whether this property is one of them. Note: Aristotle's ""combination"" concerns combining words, and its identity with the modern part/whole fallacy is disputed.",ARI-SE 4 166a23; ARI-RH II.24 (line 2); WHA; MIL V.vii; FIS ch. VIII; SEP §1; WIK; IEP; LF; FF,ARI-SE ARI-RH WHA MIL FIS SEP WIK IEP LF FF,yes,F019,
FC124,Dangling comparative,hanging comparative; incomplete comparison; faulty comparison,informal: ambiguity,"A comparison that omits what is being compared to, or compares unlike things.","""Our cereal has 30% more fibre!""",Fine when the comparison class is obvious from context.,WIK; IEP; LF; FF,WIK IEP LF FF,no,,
FC125,Definist fallacy,defining one's way to victory,informal: ambiguity,"Defining a term in a way that makes one's position easy to defend, or (Frankena) defining one property (good) as another (pleasant).","""By 'evidence' I mean anything that supports my view.""",Philosophical analysis does propose definitions; the fallacy is assuming them rather than defending them.,Frankena 1939 (Mind 48); IEP; LF,IEP LF,no,,
FC126,Distinction without a difference,sham distinctions (Bentham),informal: ambiguity,"Claiming two positions differ when they don't in practice, or using an empty distinction to oppose something while seeming to support it.","""I support a free press, just not its licentiousness"" (with no criterion for the difference).",Many fine distinctions are real and important; ask for the criterion.,BEN IV.6; LF,BEN LF,no,,
FC127,Division,"fallacy of division; division (of words, Aristotle; mapping contested)",informal: ambiguity,Inferring that parts have a property because the whole does.,"""The company is rich, so each employee is rich.""","Some properties do distribute (the box is entirely inside the room, so each item in it is).",ARI-SE 4 166a33; ARI-RH II.24 (line 2); WHA; MIL V.vii; FIS ch. VIII; SEP §1; WIK; IEP; LF; FF,ARI-SE ARI-RH WHA MIL FIS SEP WIK IEP LF FF,yes,F020,
FC128,Doorman fallacy,doorman fallacy,informal: ambiguity,"Reducing a role to its most visible task, ignoring its full value.","""We can replace the doorman with an automatic door.""",Some roles really are reducible; show it.,WIK,WIK,no,,
FC129,Equivocation,"ambiguity (homonymia, Aristotle); ambiguous middle; ambiguous middle term; homonymy (Schopenhauer); fallacy of ambiguity",informal: ambiguity,Using a word in two senses within one argument so the conclusion seems to follow.,"""The end of life is death; happiness is the end of life; so happiness is death.""",Deliberate wordplay is fine when no inference rides on it; terms can legitimately be extended if the shift is flagged. Pragma-dialectics: breach of the usage rule.,"ARI-SE 4 165b30; ARI-RH II.24 (line 1b, similar words); SCH 2; WHA (semi-logical); MIL V.vii; SEP §1; PD (usage rule); WIK; IEP; LF; FF",ARI-SE ARI-RH WHA MIL SCH PD SEP WIK IEP LF FF,yes,F017,
FC130,Etymological fallacy,abuse of etymology,informal: ambiguity,Assuming a word's original meaning is its true or current meaning.,"""'Decimate' means to kill one in ten, so you can't say a plague decimated the city.""",Etymology can illuminate how a concept developed and what older texts meant.,WIK; IEP; LF; FF,WIK IEP LF FF,yes,F054,
FC131,False equivalence,false parity,informal: ambiguity,"Treating two things as equivalent because they share some feature, ignoring important differences.","""Both sides lie, so they're equally untrustworthy.""",Pointing out real shared features is fair when the differences are acknowledged.,WIK; IEP; LF,WIK IEP LF,yes,F041,
FC132,Form of expression,figure of speech (figura dictionis); fallacy of the form of expression,informal: ambiguity,"Being misled by grammatical form, treating words that look alike as the same kind of thing (an action, a quality, a substance).","""'Flourishing' is grammatically like 'cutting', so flourishing is something one does to things.""",Grammatical analogy is a useful heuristic when checked against meaning.,ARI-SE 4 166b10,ARI-SE,no,,
FC133,If-by-whiskey,if-by-whiskey,informal: ambiguity,Answering a question with emotionally loaded terms that let both sides think you agree with them.,"""If by whiskey you mean the devil's brew... I'm against it; if you mean the oil of conversation... I'm for it.""",Acknowledging that a word covers different things is legitimate if you then take a position on each.,WIK; LF,WIK LF,no,,
FC134,Impostor terms,doublespeak; euphemism used to mislead,informal: ambiguity,Using flattering or bland names to hide the objectionable nature of a thing.,"""Enhanced interrogation"" for torture.",Tactful language is fine when it doesn't hide relevant facts.,BEN IV.2; FF,BEN FF,no,,
FC135,Intentional fallacy,intentionality fallacy,informal: ambiguity,Insisting a text's meaning must be whatever its author intended.,"""The poem can't be about grief; the author said it was about trains.""","Authorial intent is a legitimate interpretive factor, especially in law and history (a contested debate).",Wimsatt & Beardsley 1946 (Sewanee Review 54); WIK,WIK,no,,
FC136,Line-drawing fallacy,continuum fallacy; fallacy of the beard; argument of the beard; heap; sorites; bald man; decision-point fallacy,informal: ambiguity,"Arguing that because there's no sharp boundary, there's no real difference.","""There's no exact age when someone becomes an adult, so a 12-year-old is as mature as a 30-year-old.""",Vague boundaries can still demand arbitrary-but-reasonable cut-offs; sorites puzzles are real philosophical problems.,WIK; IEP; LF; FF,WIK IEP LF FF,yes,F049,
FC137,Loaded language,question-begging epithets; question-begging appellatives (Bentham); loaded words; loaded label; prejudicial language; emotive language; argument by emotive language; judgmental language; favourable naming (Schopenhauer),informal: ambiguity,Using emotionally charged words that assume the conclusion.,"""The death tax"" vs ""the estate tax"".",Evaluative words are fine when the evaluation has been argued for.,BEN IV.1; SCH 12; WIK; IEP; LF; FF,BEN SCH WIK IEP LF FF,yes,F040,
FC138,Misplaced literalism,fallacy of misplaced literalism,informal: ambiguity,"Reading general, rhetorical or hyperbolic statements as if literal.","Treating ""all men are created equal"" as a claim about identical height.",Holding people to the literal content of formal statements (contracts) is appropriate.,"FIS (Fischer 1970, via Jenkins 2015)",FIS,no,,
FC139,Motte-and-bailey,motte and bailey doctrine; strategic equivocation,informal: ambiguity,"Advancing a bold claim, retreating to a modest one when challenged, then returning to the bold one.","Bold: ""Science is just social power."" Challenged: ""I only mean scientists are social beings.""",Clarifying that one only meant the modest claim is fine if one then drops the bold one.,Shackel 2005 (Metaphilosophy 36); WIK,WIK,no,,
FC140,Obscurum per obscurius,explaining the obscure by the more obscure; failure to elucidate,informal: ambiguity,Defining or explaining something in terms harder to understand than the thing itself.,"""Time is the moving image of eternity,"" offered as a working definition.",Deep explanations may introduce new terms if they then pay their way.,"IEP ""Obscurum per Obscurius""; LF",IEP LF,no,,
FC141,Package-deal fallacy,package deal,informal: ambiguity,Assuming things often grouped together must always go together.,"""If you oppose this tax you oppose public schools.""",Some things are genuinely bundled (a single bill).,WIK; LF,WIK LF,no,,
FC142,Persuasive definition,victory by definition,informal: ambiguity,Slipping a value-laden redefinition into an argument while trading on the word's usual force.,"""True freedom is obedience to the state.""",Stipulative and revisionary definitions are legitimate when declared openly and argued for.,Stevenson 1938 (Mind 47); WIK; IEP,WIK IEP,yes,F040,
FC143,Quoting out of context,contextomy; contextotomy; quote mining,informal: ambiguity,Excerpting words so their meaning is distorted.,"A review saying ""a masterpiece of tedium"" is advertised as ""a masterpiece"".",Partial quotation is fine if it preserves the meaning.,SEP related; WIK; IEP; LF; FF,SEP WIK IEP LF FF,no,,related/partial: F021 Accent
FC144,Redefinition,definitional retreat; hedging (IEP),informal: ambiguity,"Changing what a word means when challenged, then acting as if the original claim survived.","""I said he was selfish; I meant selfish about money.""","Clarifying a vague term early, openly, and accepting the weaker claim is good practice.","IEP ""Hedging""; WIK; LF; FF",WIK IEP LF FF,no,,
FC145,Referential fallacy,"name implies entity; ""whatever can be thought of apart exists apart"" (Mill)",informal: ambiguity,"Assuming every word picks out a real thing, so having a name proves something exists.","""We have a word for 'fate', so fate must be real.""",Words often do refer; ask what the evidence is that this one does.,"MIL V.iii.4 (""wherever there is a name, there must be a distinguishable separate entity""); WIK",MIL WIK,no,,
FC146,Reification,hypostatization; misplaced concreteness (Whitehead); concretism; personification of abstractions (Mill),informal: ambiguity,Treating an abstraction as a concrete thing or agent.,"""Society made him commit the crime.""",Abstractions are useful shorthand when they can be cashed out in concrete terms.,"Whitehead, Science and the Modern World (1925); MIL V.iii.4; WIK; IEP; LF",MIL WIK IEP LF,yes,F050,
FC147,Scope fallacy,ambiguity of scope,informal: ambiguity,"Misreading which part of a sentence a word like ""not"", ""every"" or ""necessarily"" governs.","""Every concerned citizen who believes someone is a terrorist should report it; she believes there are terrorists; so she should report someone.""",Ambiguous scope is harmless when context fixes it.,"IEP ""Scope""; FF",IEP FF,no,,
FC148,Secundum quid (Aristotle's sense),a dicto secundum quid ad dictum simpliciter; absolute vs qualified,informal: ambiguity,"Taking something said in a qualified sense (""in some respect"") as if said absolutely, or vice versa.","""An Ethiopian is white in his teeth, so he is white.""",Moving from qualified to unqualified claims is fine where the qualification is trivial.,"ARI-SE 5 166b37; ARI-RH II.24 (line 8, omission of circumstances); SCH 3; SEP §2.1; WIK; IEP",ARI-SE ARI-RH SCH SEP WIK IEP,no,,related/partial: F023 Converse Accident
FC149,Suppressed correlative,redefined correlative,informal: ambiguity,Redefining one of a pair of opposites so that it swallows the other.,"""I'm not fat; I'm thinner than John.""",Relative terms can be legitimately context-dependent.,WIK; LF,WIK LF,no,,
FC150,Sweeping classifications,sweeping classification (Bentham),informal: ambiguity,Ascribing to every member of a class what is true only of some.,"""Kings are tyrants; crimes of kings.""","Generalizations about classes are fine when the ""all"" is warranted or the claim is about tendencies.",BEN IV.5,BEN,no,,
FC151,Type-token fallacy,type-token confusion,informal: ambiguity,Confusing a type (a kind) with a token (an instance).,"""The dodo is extinct; this dodo skeleton is a dodo; so this skeleton is extinct.""",Context usually fixes the reading.,LF,LF,no,,
FC152,Use-mention error,use-mention confusion,informal: ambiguity,Confusing a word with the thing it refers to.,"""Chicago is a city; 'Chicago' has seven letters; so a city has seven letters.""",Self-reference in logic and linguistics deliberately exploits the distinction.,LF,LF,no,,
FC153,Vacuous truth (misuse),empty-domain claim,informal: ambiguity,"Making a claim that is technically true only because its subject class is empty, and implying more.","""No phones in this room are switched on"" (there are no phones).",Vacuous truths are legitimate in logic and mathematics.,WIK,WIK,no,,
FC154,Vagueness exploitation,vagueness; vague generalities (Bentham); fallacy of vague generalities,informal: ambiguity,"Using terms too vague to test, so the claim can't be pinned down.","""Defend Order and the Constitution against the reformers!""",Some vagueness is unavoidable and harmless when precision isn't needed.,BEN IV.3; FF,BEN FF,no,,
FC155,Accident,dicto simpliciter; sweeping generalization; destroying the exception,informal: presumption,Applying a general rule to a case that is an obvious exception.,"""Cutting people is a crime; surgeons cut people; so surgeons are criminals.""",General rules are presumptions; applying them by default is fine until an exception is shown.,ARI-SE 5 166b28; ARI-RH II.24 (line 5); WHA; SEP §1; WIK; IEP; LF; FF,ARI-SE ARI-RH WHA SEP WIK IEP LF FF,yes,F022,
FC156,Anthropomorphism,pathetic fallacy (IEP sense),informal: presumption,Attributing human intentions or feelings to non-human things and reasoning from that.,"""My car hates Mondays.""",Intentional language is a useful shorthand (Dennett's intentional stance) when not taken as evidence.,IEP; LF,IEP LF,no,,
FC157,Baconian fallacy,Baconian fallacy (Fischer),informal: presumption,"Thinking a historian (or inquirer) can proceed without preconceived questions, theories or hypotheses, gathering facts until the truth emerges.","""I just collected all the facts; I had no hypothesis.""",Open-minded data gathering is good practice; the fallacy is believing one has no framework.,"FIS (Fischer 1970, ch. I, archive.org text); WIK",FIS WIK,no,,
FC158,Begging the question,petitio principii; question-begging; subverted support (related); questionable begging,informal: presumption,Using as a premise something that assumes the conclusion or is no more acceptable than it.,"""Smoking is deadly because it can kill you.""","Valid deductions always ""contain"" their conclusions in a sense; the fault is dialectical: the premise wouldn't be granted by someone who doubts the conclusion. Pragma-dialectics: breach of the starting-point rule.",ARI-SE 5 167a36; ARI-PA II.16; WHA (premises unduly assumed); MIL V.vii; SCH 6; SEP §1; PD (starting point rule); WIK; IEP; LF; FF,ARI-SE ARI-PA WHA MIL SCH PD SEP WIK IEP LF FF,yes,F014,
FC159,Circular reasoning,circulus in probando; circulus in demonstrando; vicious circle; circular argument,informal: presumption,Supporting a claim by a chain of reasons that ends with the claim itself.,"""The book is true because it says so, and what it says is true because it's the book.""","Coherentist justification and reflective equilibrium allow mutual support among many beliefs; small circles add nothing, large webs can.",WIK; IEP; LF; FF,WIK IEP LF FF,yes,F015,
FC160,Complex question,loaded question; fallacy of many questions; plurium interrogationum; fallacy of presuppositions,informal: presumption,"A question that presupposes something unproven, so any direct answer concedes it.","""Have you stopped cheating on your taxes?""",Presupposing what both sides have actually agreed is fine.,ARI-SE 5 167b38; SCH 7 (many questions at once); FIS ch. I; SEP §1; WIK; IEP; LF; FF,ARI-SE SCH FIS SEP WIK IEP LF FF,yes,F016,
FC161,Denying the correlative,false alternatives to a true dichotomy,informal: presumption,Introducing alternatives where two options really are exhaustive and exclusive.,"""Is it true or false?"" ""Well, it's complicated"" (when it isn't).",Questioning a supposed dichotomy is often right.,LF,LF,no,,
FC162,Double standard,unequal standards,informal: presumption,Judging similar cases by different standards.,"""We'll hire men who score 70, but women need 80.""",Different treatment is fair when the cases differ in a relevant respect.,"IEP ""Double Standard""; LF",IEP LF,no,,related/partial: F037 Special Pleading
FC163,Fallacy of exhaustive effort,second-best fallacy (related),informal: presumption,"Assuming that when ideal conditions can't all be met, meeting as many as possible yields the next best result.","""We can't have perfect competition, so let's maximise as many of its conditions as we can.""",Sometimes approximating ideal conditions does help; this has to be shown (cf. Lipsey & Lancaster's theory of the second best).,WIK,WIK,no,,
FC164,Fallacy of irrevocable laws,irrevocable laws; vows or promissory oaths (Bentham); dead-hand argument,informal: presumption,Treating past enactments or oaths as binding forever so present reasons can't be heard.,"""Our founders made this law; changing it betrays them.""","Stability, trust and entrenchment have real value, argued on their own merits.",BEN I.3.1–2,BEN,no,,
FC165,False dilemma,false dichotomy; black-or-white fallacy; black-and-white fallacy; bifurcation; either/or fallacy; all-or-nothing; excluded middle (misapplied); no middle ground; glaring contrast (Schopenhauer),informal: presumption,Presenting two options as the only ones when others exist.,"""You're either with us or against us.""",Some choices really are binary; the fallacy is in the false premise that they are.,SCH 13; PR III.xix (imperfect enumeration); WIK; IEP; LF; FF,PR SCH WIK IEP LF FF,yes,F013,
FC166,Goomba fallacy,goomba fallacy,informal: presumption,"Treating different members' statements as if the whole group held all of them, then charging the group with inconsistency.","""Online, they say X and also not-X; what hypocrites.""",A group with stated official positions can be held to them.,WIK,WIK,no,,
FC167,Historian's fallacy,hindsight fallacy,informal: presumption,Judging past decision-makers as if they had information available only later.,"""Generals in 1914 should have known the war would last years.""",Asking what decision-makers could reasonably have known is a proper historical question.,"FIS (Fischer 1970, pp. 209–213, per Wikipedia citation); WIK; LF",FIS WIK LF,yes,F057,
FC168,Historical fallacy (Dewey),Dewey's historical fallacy,informal: presumption,Assuming a result occurred only because of a particular process that may be unrelated to it.,Reading the final stage of a development back into its start.,Tracing processes is legitimate when evidence links them.,"Dewey, ""The Reflex Arc Concept in Psychology"" (Psych. Review 3, 1896); WIK",WIK,no,,
FC169,Homunculus fallacy,homunculus argument; regress of explanation,informal: presumption,"Explaining a capacity by positing an inner agent with that same capacity, leading to a regress.","""We see because a little viewer in the brain watches the images.""","Decomposing a capacity into simpler sub-capacities (Dennett's ""discharging"" homunculi) is legitimate.",WIK; LF,WIK LF,no,,
FC170,Ideology-driven argumentation,ideological presupposition,informal: presumption,Presupposing an unargued part of one's ideology.,"""Since the free market always works, regulation can only hurt.""",Shared premises within a community can be presupposed legitimately among those who share them.,"IEP ""Ideology-Driven Argumentation""",IEP,no,,
FC171,Inconceivability fallacy,"""whatever is inconceivable must be false"" (Mill); a priori fallacy",informal: presumption,Treating our present inability to conceive something as proof it is impossible.,"""Action at a distance is inconceivable, so gravity must work by contact.""",Logical contradictions really are impossible; conceivability can be weak evidence of possibility.,MIL V.iii.3,MIL,no,,
FC172,Inconsistency,self-contradiction; conflicting conditions,informal: presumption,Accepting claims that cannot all be true together.,"""I never generalize; people who generalize are hypocrites.""",Recognized tensions can be held provisionally while inquiry proceeds (paradoxes).,"IEP ""Inconsistency""; LF",IEP LF,no,,
FC173,Is-ought fallacy,is-ought jump; Hume's guillotine violation; Hume's law (violation),informal: presumption,Deriving a conclusion about what ought to be from premises only about what is.,"""People have always eaten meat, so they ought to.""","Whether ""ought"" can be derived from ""is"" is itself contested (Searle 1964; ethical naturalists); bridging premises can make the step explicit.","Hume, Treatise 3.1.1 (1739–40); WIK; IEP",WIK IEP,yes,F061,
FC174,Kettle logic,inconsistent defences,informal: presumption,Offering several defences that contradict one another.,"""I never borrowed the kettle, it was already broken, and I gave it back undamaged.""","Arguing in the alternative is accepted legal practice when clearly framed as hypothetical (""even if"").","Freud, The Interpretation of Dreams (1900); Jokes and their Relation to the Unconscious (1905); WIK; LF",WIK LF,yes,F078,
FC175,Middle ground,argument to moderation; false compromise; fallacy of the mean; argumentum ad temperantiam; golden mean fallacy,informal: presumption,Assuming a compromise between two positions must be correct.,"""Some say the earth is round, some flat; the truth is probably in between.""",Compromise is often wise in negotiation over interests; it isn't a guide to truth.,WIK; LF,WIK LF,yes,F048,
FC176,Mind projection fallacy,projecting one's state of knowledge onto nature,informal: presumption,Assuming a feature of one's perception or knowledge is a property of the object.,"""Random"" treated as a physical property of a coin rather than our ignorance of the outcome.",Some properties are genuinely relational and can be described as such.,"Jaynes (Probability Theory, 2003, and earlier papers); WIK",WIK,no,,
FC177,Moralistic fallacy,reverse naturalistic fallacy,informal: presumption,Inferring what is the case from what ought to be the case.,"""Men and women ought to be treated equally, so there can be no average differences between them.""",Moral premises can be evidence about what people will do (since norms shape behaviour).,Davis 1978 (coined; per secondary sources); WIK; LF,WIK LF,yes,F059,
FC178,Naturalistic fallacy,Moore's naturalistic fallacy,informal: presumption,(Moore) Identifying goodness with a natural property such as pleasure; (popularly) deriving values from facts.,"""Good just means what we evolved to desire.""",Ethical naturalists argue some such identities are correct a posteriori; Moore's open-question argument is contested.,"Moore, Principia Ethica (1903), §§10–14; WIK; IEP; LF; FF",WIK IEP LF FF,yes,F060,
FC179,Naturalistic fallacy fallacy,anti-naturalistic fallacy,informal: presumption,Rejecting every inference from facts to values just because some is-ought inferences are invalid.,"""You can't cite suffering as a reason it's wrong; that's the naturalistic fallacy!""",Pointing out an unbridged is-ought gap is fine; the error is treating all such inferences as invalid by form.,Searle 1964 (Philosophical Review 73); WIK,WIK,no,,
FC180,Nirvana fallacy,perfect solution fallacy; perfectionist fallacy,informal: presumption,Rejecting a realistic option because it isn't perfect.,"""Seatbelts don't prevent all deaths, so they're pointless.""","Pointing out a cheap, better available alternative is legitimate.",WIK; IEP; LF,WIK IEP LF,yes,F080,
FC181,No true Scotsman,appeal to purity; no-true-Scotsman move,informal: presumption,Protecting a generalization from counterexamples by redefining the group to exclude them.,"""No true scientist doubts X."" ""Here's one."" ""Then he's not a true scientist.""",Defining group membership by a stated criterion is fine if the criterion is fixed in advance and not tailored to the counterexample.,"Flew, Thinking About Thinking (1975); WIK; IEP; LF",WIK IEP LF,yes,F039,
FC182,Oversimplification,covering up complexity,informal: presumption,Making a complex problem look much simpler than it is.,"""The election is only about trade with Cuba.""",Models and summaries must simplify; the test is whether the omitted factors change the conclusion.,"IEP ""Oversimplification""",IEP,no,,related/partial: F033 Causal Oversimplification
FC183,Political correctness fallacy,equality-of-ideas presumption,informal: presumption,"Assuming groups, individuals or ideas are equal in value or truth mainly to avoid giving offense.","""All theories of the earth's shape deserve equal class time.""",Equal respect for persons is a sound moral principle; it doesn't imply equal truth of ideas.,LF,LF,no,,
FC184,Presentism,fallacy of presentism (Fischer),informal: presumption,Judging or interpreting the past by present-day ideas and values as if they were timeless.,"""Ancient authors were stupid for not knowing germ theory.""",Moral evaluation of the past by defensible standards is legitimate if made explicit.,FIS (Fischer 1970),FIS,yes,F058,
FC185,Proving too much,argument that proves too much,informal: presumption,"An argument whose reasoning, if sound, would also prove things known to be false.","""Free will can't exist because our choices have causes"" (would also rule out deliberation being meaningful in any sense).",Showing an argument proves too much is itself a legitimate refutation technique (a reductio).,WIK,WIK,no,,
FC186,Psychologist's fallacy,psychologist's fallacy (William James),informal: presumption,"An observer assumes their own viewpoint is the subject's, or confuses their standpoint with the facts.",A researcher assuming a child sees the experiment as the researcher does.,Empathic projection is a starting hypothesis to be checked.,"James, The Principles of Psychology (1890), ch. VII; WIK",WIK,no,,
FC187,Question-begging analogy,question-begging analogy,informal: presumption,An analogy that only works if the conclusion is already granted.,"""Abortion is like murder because both kill a person.""",Analogies are fine when the shared feature is independently agreed.,FF,FF,no,,
FC188,Special pleading,special exemption,informal: presumption,Applying a rule to others while exempting oneself or a favoured case without a relevant reason.,"""Lying is wrong, but when I lie it's for a good cause.""",Exceptions are fine when a relevant difference is given (that's how rules get refined).,WIK; IEP; LF; FF,WIK IEP LF FF,yes,F037,
FC189,Stolen concept fallacy,stolen concept,informal: presumption,Using a concept while denying something it logically depends on.,"""Reason is unreliable,"" argued for by reasoning.",Self-referential critique can be legitimate as a reductio of a position (a kind of retorsion).,Rand / Branden (Objectivist literature); LF,LF,no,,
FC190,Sunk cost fallacy,sunk costs; Concorde fallacy,informal: presumption,Continuing an endeavor because of what has already been spent rather than future costs and benefits.,"""We've spent millions; we can't stop now.""",Past investment can be evidence of commitment or reputation costs that do matter going forward.,WIK; LF,WIK LF,yes,F045,
FC191,Tokenism,token gesture,informal: presumption,Treating a token gesture as a substitute for the real thing.,"""We hired one woman; the company has no gender problem.""",A first step can be meaningful if presented as such.,IEP; LF,IEP LF,no,,
FC192,Verbal distinctions mirror nature,"""differences in nature must correspond to our received distinctions"" (Mill); folk classification fallacy",informal: presumption,"Assuming that things we call by different names, or sort into different classes, must differ in nature and cause.","""Heat and motion have different names, so they must be different kinds of thing.""",Folk categories are often good starting hypotheses that track real kinds.,MIL V.iii.6,MIL,no,,
FC193,Ad hoc rescue,ad hoc hypothesis; subtle distinction (Schopenhauer),informal: insufficient evidence,Saving a belief from contrary evidence with an assumption whose only support is that it saves the belief.,"""The psychic failed because sceptics' negative energy interferes.""",Auxiliary hypotheses are legitimate when independently testable (the discovery of Neptune).,SCH 17; IEP; LF,SCH IEP LF,no,,
FC194,Alleged certainty,"""everyone knows""",informal: insufficient evidence,"Stating a conclusion with language of certainty (""obviously"", ""everyone knows"") instead of evidence.","""Everyone knows that diet doesn't matter.""",Fine when the matter really is settled and uncontroversial among the audience.,LF,LF,no,,
FC195,Amazing familiarity,omniscient-narrator claim,informal: insufficient evidence,A claim containing information the author could not have known.,"A ""true story"" reporting a lone hiker's private thoughts before he vanished.",Reconstruction can be legitimate if labelled as such.,LF,LF,no,,
FC196,Anecdotal fallacy,argument from anecdote; anecdotal evidence; argument from anecdote or anecdotal fallacy; personal experience fallacy,informal: insufficient evidence,Treating personal stories as decisive evidence against better data.,"""My uncle smoked and lived to 90, so smoking isn't harmful.""","Anecdotes can illustrate, generate hypotheses, or refute strict universals.","ARI-RH II.24 (line 4, sign or single instance); WIK; IEP; FF",ARI-RH WIK IEP FF,yes,F044,
FC197,Appeal to coincidence,appeal to luck,informal: insufficient evidence,Writing off a result as chance when the evidence strongly suggests a systematic cause.,"""It was just a coincidence that all the winners were the organizer's friends.""",Coincidences do happen; test against a base rate.,LF,LF,no,,
FC198,Argument from hearsay,hearsay,informal: insufficient evidence,"Relying on second-hand reports, losing reliability with each step.","""My friend's cousin heard the mayor took bribes.""",Chains of testimony can be reliable when each link is trustworthy and checkable.,LF,LF,no,,
FC199,Argument from ignorance,argumentum ad ignorantiam; appeal to ignorance; proving non-existence,informal: insufficient evidence,"Concluding a claim is true because it hasn't been disproven, or false because it hasn't been proven.","""No one has proven ghosts don't exist, so they do.""","Absence of evidence is evidence of absence when we would expect evidence if the claim were true (a thorough search). Locke's original ad ignorantiam was a demand to ""assign a better"" proof.",LOC IV.xvii.20; SEP §2.4; Hahn & Oaksford 2007 (Psych. Review 114); WIK; IEP; LF; FF,LOC SEP WIK IEP LF FF,yes,F010,
FC200,Argument from incredulity,personal incredulity; divine fallacy (variant); appeal to complexity,informal: insufficient evidence,Concluding something is false (or must be supernatural) because one can't imagine how it could be true.,"""I can't see how an eye could evolve, so it didn't.""","Mill's ""whatever is inconceivable must be false"" is a related a priori fallacy; but genuine inconceivability of a contradiction is a good reason.",MIL V.iii.3 (inconceivability); WIK; LF,MIL WIK LF,yes,F052,
FC201,Argument from repetition,argumentum ad nauseam; argumentum ad infinitum; argument by repetition; repetition,informal: insufficient evidence,"Repeating a claim until objections stop, then treating silence as agreement.","Saying ""the election was stolen"" daily for months.",Repetition is legitimate for emphasis or teaching.,WIK; LF,WIK LF,yes,F053,
FC202,Argument from silence,argumentum ex silentio,informal: insufficient evidence,Inferring a claim from the absence of mention in sources (or from an opponent's silence).,"""No contemporary historian mentions the battle, so it never happened.""",Strong when the source would surely have mentioned it.,WIK; LF,WIK LF,no,,
FC203,Confusing currently unexplained with unexplainable,argument from current ignorance,informal: insufficient evidence,Assuming what science can't yet explain can never be explained.,"""Science can't explain consciousness now, so it never will.""","Some problems may be principled limits (e.g. undecidability), argued as such.",LF,LF,no,,
FC204,Conspiracy theory (as argument),self-sealing conspiracy appeal,informal: insufficient evidence,Explaining away missing evidence by claiming it is being hidden by conspirators.,"""There's no evidence because they destroyed it.""",Real conspiracies happen and are uncovered with evidence.,"FIS (furtive fallacy, related); LF",FIS LF,no,,
FC205,Disregarding known science,ignoring established findings,informal: insufficient evidence,Making a claim that ignores well-established science weighing against it.,A grant proposal assuming bone colour determines strength.,Science can be wrong; challenges should engage the evidence.,"IEP ""Disregarding Known Science""",IEP,no,,
FC206,Fact-to-fiction fallacy,fact to fiction,informal: insufficient evidence,Supporting a narrative with facts that don't support it.,Citing true crime statistics that don't show the claimed trend.,Facts that partly support a narrative should be presented with their limits.,LF,LF,no,,
FC207,False attribution,fabricated source; misattributed quotation,informal: insufficient evidence,"Supporting a claim by citing a source that is irrelevant, unqualified, unidentified, biased or invented.","""As Einstein said, 'Compound interest is the most powerful force in the universe.'"" (no reliable source).","Citing a real, checkable, relevant source is the normal way to support claims.",WIK; LF,WIK LF,no,,
FC208,Fantasy projection,subjective-experience-as-fact,informal: insufficient evidence,Treating an emotionally charged subjective experience as objective reality and demanding others accept it.,"""I felt a presence in the room, so there's a ghost, and you have to accept it.""",First-person reports are good evidence about the experience itself.,LF,LF,no,,
FC209,Far-fetched hypothesis,least plausible hypothesis,informal: insufficient evidence,Offering a bizarre explanation without ruling out ordinary ones.,"""The crop circles must be from aliens.""",Unusual hypotheses deserve consideration once ordinary ones are tested and fail.,IEP; LF,IEP LF,no,,
FC210,Feedback fallacy,feedback fallacy,informal: insufficient evidence,Treating an evaluation as objective without checking whether its source is disinterested.,Relying on a rival's critique as neutral feedback.,Interested parties can still give accurate feedback.,WIK,WIK,no,,
FC211,Hasty generalization,converse accident; fallacy of insufficient statistics; insufficient sample; small sample; lonely fact (Fischer); hasty induction; faulty generalization; overgeneralization,informal: insufficient evidence,Drawing a general conclusion from too few or untypical cases.,"""My two French friends are rude, so the French are rude.""",Small samples can justify tentative conclusions when variability is known to be low or stakes require early action. Port-Royal and Mill introduced inductive fallacies of this kind.,ARI-SE 5 166b37 (secundum quid); PR III.xix (faulty induction); MIL V.v; FIS (lonely fact; via Jenkins 2015); WIK; IEP; LF; FF,ARI-SE PR MIL FIS WIK IEP LF FF,yes,F011; F023,
FC212,Hypothesis contrary to fact,counterfactual fallacy,informal: insufficient evidence,"Presenting a confident claim about what would have happened had things been different, without adequate support.","""If I'd studied law, I'd be rich now.""",Counterfactual reasoning is central to causal and historical inference when grounded in evidence.,LF,LF,no,,
FC213,Imposter fallacy,infiltrator excuse,informal: insufficient evidence,"Claiming, without evidence, that a group's bad members are really infiltrators from outside.","""The violent protesters weren't really us; they were plants.""",Infiltration sometimes happens and can be shown.,LF,LF,no,,
FC214,Inflation of conflict,disagreement means ignorance,informal: insufficient evidence,"Concluding that because experts disagree on details, nothing in the field can be known.","""Historians disagree about the war's causes, so we know nothing about it.""",Real deep disagreement can justify suspension of judgment on the disputed point.,WIK; LF,WIK LF,no,,
FC215,Ipse dixit,"bare assertion; proof by assertion; just because fallacy; ""because I said so""",informal: insufficient evidence,"Asserting a claim as true without support, relying on the speaker's say-so.","""It's true because I'm telling you it is.""",Testimony from a reliable witness is real evidence; first-person reports of one's own states are usually authoritative.,SCH 14 (proclaiming a conclusion as proven); WIK; LF; FF,SCH WIK LF FF,yes,F051,
FC216,Irrelevant proof,fallacy of the irrelevant proof,informal: insufficient evidence,Offering evidence that proves something other than the claim at issue.,Proving a document is old to show it's authentic as to content.,Related evidence is fine if its relevance is explained.,"FIS (Fischer 1970, via Jenkins 2015)",FIS,no,,
FC217,Jumping to conclusions,hasty conclusion,informal: insufficient evidence,Concluding before gathering or weighing the relevant evidence.,"""The lights are off; they must have moved away.""",Quick provisional judgments are needed in daily life; hold them loosely.,WIK; IEP; LF,WIK IEP LF,no,,
FC218,Limited depth,explaining by category only,informal: insufficient evidence,"""Explaining"" something by naming its category instead of giving a cause.","""He's violent because he's a criminal.""",Category membership can be explanatory if the category carries a real mechanism.,LF,LF,no,,
FC219,Limited scope,explanation that explains only itself,informal: insufficient evidence,A theory that explains only the phenomenon it was invented for and nothing else.,"""Ghosts explain why my lights flicker"" (and nothing else).",New theories often begin narrow and earn wider scope.,LF,LF,no,,
FC220,Mal-observation,mal-observation (Mill); mistaking inference for observation,informal: insufficient evidence,Taking something to be observed when it is really an inference or misperception.,"""I saw the sun rise"" taken as observing that the sun moves.",Most perception involves inference; trust it unless there's reason to doubt.,MIL V.iv.5,MIL,no,,
FC221,Misleading vividness,vividness fallacy; Volvo fallacy,informal: insufficient evidence,"Letting a few dramatic cases outweigh larger, duller statistical evidence.","""I saw a report of a shark attack, so swimming is too dangerous.""",Vivid cases can rightly prompt checking the statistics.,IEP; LF; FF,IEP LF FF,yes,F043,
FC222,Missing data fallacy,argument from missing data,informal: insufficient evidence,Refusing to admit ignorance by insisting that data we don't have would confirm the hypothesis.,"""The records that would prove it were lost, but they'd show I'm right.""",Predicting what missing data will show is fine as a testable hypothesis.,LF,LF,no,,
FC223,Overwhelming exception,overwhelming exception,informal: insufficient evidence,A generalization so qualified that it says much less than it first seems to.,"""All our customers are satisfied, except those who returned the product, complained, or didn't answer.""",Precise qualifications are honest when presented as such.,WIK; LF,WIK LF,no,,
FC224,Proof surrogate,substitute for proof,informal: insufficient evidence,"Using a phrase that suggests proof (""studies show"", ""it's well known"") without giving any.","""I don't need to tell a smart person like you that this is the right choice.""",Fine when the cited studies are named and checkable.,"IEP ""Proof Surrogate""; LF",IEP LF,no,,
FC225,Pseudo-proof,fallacy of the pseudo-proof,informal: insufficient evidence,A verification statement that looks precise but on inspection is literally meaningless.,"""The average family had 2.3 views on reform.""",Precise-sounding summaries are fine when operationally defined.,"FIS (Fischer 1970, via Jenkins 2015)",FIS,no,,
FC226,Quantum physics fallacy,quantum woo,informal: insufficient evidence,Invoking quantum physics to support a claim that has nothing to do with it.,"""Quantum entanglement shows we're all connected spiritually.""","Real quantum explanations in physics, chemistry, etc.",LF,LF,no,,
FC227,Questionable premise,unacceptable premise; lying (IEP),informal: insufficient evidence,Accepting an argument that rests on a premise you have reason to doubt.,"Accepting ""all politicians are corrupt"" as a premise.",Provisional premises are fine in hypothetical reasoning.,"IEP ""Questionable Premise""",IEP,no,,
FC228,"Refuting the proof, claiming the thesis",argument from fallacy; fallacy fallacy; fallacist's fallacy; argumentum ad logicam; bad reasons fallacy; refuting a faulty proof (Schopenhauer),informal: insufficient evidence,Concluding a claim is false because an argument for it is bad.,"""Your argument for vaccines was a non sequitur, so vaccines don't work.""","Showing an argument fails does remove that support; it is fine to say ""this argument doesn't establish C"".",SCH 37; WIK; LF; FF,SCH WIK LF FF,no,,
FC229,Selective attention,selective attention,informal: insufficient evidence,Attending only to parts of an argument and ignoring the rest.,Answering only the weakest of five points made.,Focusing a reply on the central point is fine.,IEP; LF,IEP LF,no,,
FC230,Spiritual fallacy,spiritualizing a failed claim,informal: insufficient evidence,"Insisting a claim meant literally was ""spiritual"" after it fails literally.","""The prophecy did come true, spiritually.""",Some texts are meant symbolically from the start.,LF,LF,no,,
FC231,Stereotyping,stereotyping (the fallacy),informal: insufficient evidence,Assuming a generalization about a group applies to each member.,"""She's an engineer, so she must be bad with people.""",Base rates about groups can be informative where individual information is missing (with ethical limits).,IEP; LF,IEP LF,no,,
FC232,Suppressed evidence,cherry picking; incomplete evidence; ignoring inconvenient data; cover-up; card stacking; stacking the deck; slanting; one-sidedness; one-sided assessment; argument by half-truth; fallacy of exclusion; ignoring the counterevidence; argument by selective reading; non-observation (Mill),informal: insufficient evidence,Presenting only the evidence that supports your case while leaving out relevant contrary evidence.,"""Studies show the drug works"" (citing two of twenty trials).","Advocacy roles (a lawyer's brief) expect one side, provided the other side has a voice; summaries must select.",MIL V.iv (non-observation); WIK; IEP; LF; FF,MIL WIK IEP LF FF,yes,F036,
FC233,Unfalsifiability,untestability,informal: insufficient evidence,"Holding a claim so that no possible observation could count against it, and treating that as strength.","""If you don't feel the energy, that's proof your energy is blocked.""","Frameworks and definitions are not meant to be falsifiable; core theoretical commitments are tested indirectly (Lakatos, Quine).","Popper, The Logic of Scientific Discovery (1959; German 1934); IEP; LF",IEP LF,no,,
FC234,Weak analogy,false analogy; faulty analogy; questionable analogy; improper analogy; extended analogy; argument from false analogy,informal: insufficient evidence,Arguing from similarity when the cases are not alike in the respects that matter.,"""Employees are like nails: you have to hit them on the head to make them work.""","Analogies are a basic and often strong form of reasoning (legal precedent, model organisms) when relevantly similar. Mill calls analogy ""at best only admissible as an inconclusive presumption"".",MIL V.v.6; FIS ch. IX; SEP §1; WIK; IEP; LF; FF,MIL FIS SEP WIK IEP LF FF,yes,F042,
FC235,Broken window fallacy,glazier's fallacy; parable of the broken window,informal: causal,Counting the visible gains from destruction or spending while ignoring the unseen opportunity costs.,"""The storm will be good for the economy; think of all the rebuilding.""",Spending can stimulate an economy in slack conditions (a contested macroeconomic question).,"Bastiat, ""Ce qu'on voit et ce qu'on ne voit pas"" (1850); LF",LF,no,,
FC236,Cum hoc ergo propter hoc,correlation implies causation; coincidental correlation; correlation without causation,informal: causal,Concluding A causes B because they occur together.,"""Ice cream sales and drownings rise together, so ice cream causes drowning.""","Correlation is evidence of some causal connection (direct, reverse, or common cause) worth investigating.",WIK; IEP; FF,WIK IEP FF,yes,F032,
FC237,Fallacy of the single cause,causal oversimplification; causal reductionism; oversimplified cause; insignificant cause; reductive fallacy,informal: causal,Assuming one simple cause where several jointly contributed.,"""The recession was caused by one bad law.""",Identifying the main or most manipulable cause is legitimate if others are acknowledged. Mill notes post hoc tends to single out one cause among many.,MIL V.v.5; WIK; LF,MIL WIK LF,yes,F033,
FC238,False cause,non causa pro causa; questionable cause; cause and obstacle confounded (Bentham); non-cause (Aristotle),informal: causal,Treating something as a cause when it isn't.,"""Crime rose after the new mayor took office, so she caused it.""","Causal claims from good evidence (controls, mechanism, replication) are the backbone of science.",ARI-SE 5 167b21; ARI-PA II.17; PR III.xix; BEN IV.11; SEP §1; IEP; LF; FF,ARI-SE ARI-PA PR BEN SEP IEP LF FF,yes,F034,
FC239,False effect,inferring the cause from an unestablished effect,informal: causal,Judging a supposed cause true or false from what we know about an effect whose causal link hasn't been established.,"""Crime dropped, so the new policing policy must be working.""",Inference from effects to causes is sound once the causal link is independently established.,LF,LF,no,,
FC240,Furtive fallacy,furtive fallacy (Fischer),informal: causal,"Assuming significant events must have hidden, sinister causes.","""The war must have been secretly engineered by bankers.""",Hidden causes do sometimes operate and are shown by evidence.,"FIS (Fischer 1970, ch. III; via Jenkins 2015 and Wikipedia); WIK",FIS WIK,no,,
FC241,Ignoring a common cause,neglecting a common cause; common cause; third-cause fallacy; confounding,informal: causal,Concluding A causes B when both are effects of a third factor.,"""Kids with bigger feet read better"" (age causes both).","Once a confounder is measured and controlled, an association can be causally informative.",WIK; IEP,WIK IEP,no,,
FC242,Lump of labour fallacy,lump of labor fallacy,informal: causal,Assuming there is a fixed amount of work in an economy.,"""Immigrants take a fixed number of jobs away from natives.""","In the short run, in a specific market, jobs can be constrained.",WIK,WIK,no,,
FC243,Magical thinking,magical thinking; superstitious thinking,informal: causal,"Attributing causal power to rituals, thoughts or symbols without evidence.","""I wore my lucky shirt and we won.""","Rituals can have real psychological effects (placebo, confidence) without the claimed causal path.",WIK; IEP; LF,WIK IEP LF,no,,
FC244,Post hoc ergo propter hoc,post hoc; temporal sequence implies causation,informal: causal,Concluding A caused B because B followed A.,"""I took the remedy and my cold went away.""","Temporal order is a necessary clue to causation, and with controls can support causal inference.",ARI-RH II.24 (line 7); PR III.xix.3; MIL V.v.5; SEP §1; WIK; IEP; FF,ARI-RH PR MIL SEP WIK IEP FF,yes,F031,
FC245,Regression fallacy,regressive fallacy; ignoring regression to the mean,informal: causal,Attributing a cause to what is just a return toward the average after an extreme.,"""I yelled at the team after their worst game and they improved, so yelling works.""",An intervention may truly help; you need a control group to tell the difference.,"MIL V.v (related remarks); IEP ""Regression""; WIK; LF; FF",MIL WIK IEP LF FF,no,,
FC246,Resemblance fallacy,"""conditions of a phenomenon must resemble the phenomenon"" (Mill)",informal: causal,Assuming causes must resemble their effects.,"""Only a mind could produce a mind.""",Structural similarity between cause and effect can be a clue in some domains.,MIL V.iii.8,MIL,no,,
FC247,Retrospective determinism,inevitability illusion,informal: causal,"Assuming that because something happened, it was bound to happen.","""The empire's fall was inevitable.""",Some outcomes really were overdetermined; argue it.,WIK,WIK,no,,
FC248,Reverse causation,wrong direction; reversing causation; retrogressive causation (related),informal: causal,Mistaking the effect for the cause.,"""People who use walking sticks fall more, so sticks cause falls.""",Feedback loops can make causation run both ways.,WIK; IEP; LF,WIK IEP LF,no,,
FC249,Slippery slope,"domino fallacy; thin edge of the wedge; camel's nose; fallacy of distrust (""What's at the bottom?"", Bentham)",informal: causal,Claiming a first step will inevitably lead to an extreme result without showing the links are likely.,"""If we allow same-day voting, next it'll be no voter ID, then total fraud.""","Many slopes are real: precedent, incentive and legal-reasoning chains can make later steps likely (Walton 1992; Volokh 2003).","BEN II.3; WAL (Slippery Slope Arguments, 1992); SEP §1; WIK; IEP; LF; FF",BEN WAL SEP WIK IEP LF FF,yes,F012,
FC250,Biased sample,unrepresentative sample; biased statistics; biased generalizing; self-selection; unrepresentative generalization,informal: statistical,Generalizing from a sample chosen in a way that doesn't reflect the whole population.,"""Our website poll shows 90% of people love our product.""",Convenience samples can be useful for exploration or when the trait is unlikely to correlate with how the sample was chosen.,IEP; LF; FF,IEP LF FF,no,,
FC251,Curve fitting,over-fitting,informal: statistical,"Building a model so closely to past data, noise included, that it fails on new data.",A 12-term polynomial that matches last year's prices exactly and then predicts nonsense.,"Fitting is legitimate with regularization, cross-validation and theory-driven constraints.",IEP,IEP,no,,
FC252,Ecological fallacy,ecological inference fallacy,informal: statistical,Inferring facts about individuals from group-level statistics.,"""Richer states vote more for party X, so richer people vote more for party X.""",Group data can support individual-level hypotheses when individual data confirm them or models account for aggregation.,Robinson 1950 (American Sociological Review 15); WIK; LF,WIK LF,yes,F055,
FC253,Exception fallacy,reverse ecological fallacy,informal: statistical,Inferring something about a whole group from a few exceptional individuals.,"""My grandfather smoked and lived to 95, so smoking isn't harmful for our family.""",Single cases can falsify a universal claim (one black swan).,engine F056 (not found in the surveyed catalogs under this name; it is used in epidemiology and research-methods texts), LIT,yes,F056,
FC254,Fake precision,false precision; misplaced precision; spurious accuracy; over-precision; specificity (IEP),informal: statistical,"Presenting numbers more precisely than the evidence allows, implying false certainty.","""The cloud is 5,005.6833 feet wide.""",Reporting full precision is fine in intermediate calculations or when the measurement supports it.,"IEP ""Specificity""; LF; FF",IEP LF FF,no,,
FC255,Garden of forking paths,forking paths; researcher degrees of freedom,informal: statistical,"Results look significant because analysis choices were made after seeing the data, even without many explicit tests.",Choosing which outliers to drop after seeing that one choice gives p<0.05.,Data-dependent analysis is acceptable when pre-registered or presented as exploratory.,Gelman & Loken 2013 (working paper; 2014 American Scientist); WIK,WIK,no,,
FC256,McNamara fallacy,quantitative fallacy; metric fixation,informal: statistical,Deciding only on what can be measured and treating the unmeasured as unimportant or nonexistent.,"""Body counts show we're winning the war.""",Quantification is essential; the fallacy is ignoring the qualitative factors that matter.,Yankelovich 1972 (coined; per secondary sources); WIK; LF,WIK LF,yes,F073,
FC257,Multiple comparisons fallacy,p-hacking; data dredging; look-elsewhere effect; data snooping,informal: statistical,"Running many tests and reporting the ""significant"" one as if it were the only test.","""We tested 20 foods; jelly beans of one colour were linked to acne (p<0.05).""",Exploratory analysis is legitimate when labelled as such and corrected for multiplicity or confirmed on new data.,WIK; LF; FF,WIK LF FF,no,,
FC258,Observational interpretation fallacy,confusing observational association with causation,informal: statistical,Reading associations from observational studies as causal effects.,"""Coffee drinkers live longer, so coffee extends life.""","Observational data can support causal claims with careful design (natural experiments, confounder control, dose-response, Bradford Hill criteria).",WIK,WIK,no,,
FC259,Over-extrapolation,uncritical extrapolation; over-extrapolation,informal: statistical,Extending a trend far beyond the range of the data.,"""Sales doubled each year for three years, so in ten years we'll own the market.""",Short-range extrapolation with stated uncertainty is often the best available forecast.,FF,FF,no,,
FC260,Overextended outrage,outrage generalization,informal: statistical,"Treating one or a few rare outrageous cases as if they were the norm, in order to express outrage.","""A teacher said something awful, so schools are indoctrination camps.""",Single cases can rightly prompt outrage about that case.,LF,LF,no,,
FC261,Post-designation,post hoc pattern selection,informal: statistical,Announcing which correlation you were looking for only after seeing the sample.,"After surveying patients, reporting the one symptom that happened to correlate with the drug.",Hypothesis generation from data is fine if tested on fresh data.,LF,LF,no,,
FC262,Prodigious fallacy,fallacy of the prodigious,informal: statistical,"Treating spectacular, notorious events as if they represented ordinary conditions.",Writing the social history of an era from its famous scandals.,Notorious events can be revealing when shown to be typical.,"FIS (Fischer 1970, ch. III; via Jenkins 2015)",FIS,no,,
FC263,Simpson's paradox neglect,aggregation reversal; amalgamation paradox,informal: statistical,Drawing a conclusion from pooled data when the relationship reverses within subgroups (or vice versa).,"""Hospital A has a higher death rate,"" though it does better for both mild and severe cases and just treats more severe ones.",Aggregate figures are right when the subgroups are not confounders for the question asked.,Simpson 1951 (JRSS B 13), LIT,no,,
FC264,Spotlight fallacy,media-coverage generalization,informal: statistical,Assuming the cases that get media attention represent the whole category.,"""Air travel is dangerous; every week there's a crash story.""",Coverage can be representative when outlets sample systematically.,LF,LF,no,,
FC265,Survivorship bias,survivorship fallacy,informal: statistical,"Drawing conclusions only from the cases that survived some selection process, ignoring the failures.","""Every billionaire dropout shows college is unnecessary.""",Survivors' traits can be informative if compared against the non-survivors.,WIK; LF,WIK LF,no,,
FC266,Texas sharpshooter fallacy,sharpshooter's fallacy,informal: statistical,Drawing the target around the bullet holes: picking out a cluster after the fact and treating it as meaningful.,"""Look, five cancer cases on this street; the cell tower must cause cancer.""",Clusters can be real signals when tested against a prior hypothesis or a proper null model.,WIK; IEP; LF; FF,WIK IEP LF FF,yes,F035,
FC267,Declaring a standpoint sacrosanct,sacrosanct standpoint; placing a standpoint beyond criticism,informal: dialectical-procedural,"Putting a view off-limits to criticism, so the other party can't challenge it.","""Questioning the founder's vision is not allowed here.""",Agreeing on starting points that are not up for debate in a given discussion is legitimate if mutually accepted.,PD (freedom rule); van Eemeren 2010; SEP §3.6,PD SEP,no,,
FC268,Evasion,avoiding the question; avoiding the issue; changing the question; digression,informal: dialectical-procedural,Responding without addressing the point raised.,"Q: ""Did you approve the payment?"" A: ""What matters is that we've reformed our procedures.""",Declining loaded or irrelevant questions is legitimate; Schopenhauer notes that evasion often signals a weak spot (stratagem 34).,SCH 34 (pressing an evasion); IEP; LF,SCH IEP LF,no,,
FC269,Ex concessis argument (Lockean ad hominem),argument from commitment; ex concessis,informal: dialectical-procedural,"Pressing someone with consequences of their own principles or admissions. Fair as a test of consistency; becomes a trick when only an apparent inconsistency is exploited or when ""you are committed to P"" is passed off as ""P is true"".","""You accept that animals feel pain and that causing needless pain is wrong; so by your own lights factory farming is wrong.""",Legitimate and central to philosophical argument (Johnstone 1952 thought it the essence of philosophical argumentation); fallacious only when it pretends to establish P absolutely.,"LOC IV.xvii.21; WHA (as ignoratio elenchi when overextended); SCH 16 (ad hominem / ex concessis trick); SEP §2.4, §2.7",LOC WHA SCH SEP,no,,
FC270,Fallacy of metaphysical questions,metaphysical question (Fischer),informal: dialectical-procedural,Trying to resolve a non-empirical question by empirical (historical) means.,Asking historians to settle whether history has a purpose using archives.,Metaphysical questions are legitimate in philosophy; just don't pass them off as empirical.,"FIS (Fischer 1970, ch. I)",FIS,no,,
FC271,False balance,bothsidesism,informal: dialectical-procedural,Presenting two sides as equally supported when the evidence strongly favours one.,A debate format pairing one climate scientist with one denier as equals.,Hearing dissenters is valuable; weight should match the evidence.,"IEP ""False Balance""",IEP,no,,related/partial: F041 False Equivalence
FC272,Gish gallop,shotgun argumentation; proof by verbosity; argument by sheer volume,informal: dialectical-procedural,Overwhelming an opponent with many weak arguments so they can't be answered in the time available.,Firing 20 claims in a five-minute debate segment.,Listing many independent strong reasons is legitimate (cumulative case).,"E. Scott (coined, per LF/Wikipedia)",LF,yes,F079,
FC273,Having your cake,refusing to commit,informal: dialectical-procedural,"Arguing so that your position is never clear, so you can back out of it.","""I'm not saying vaccines cause autism; I'm just asking questions.""",Exploratory discussion without a fixed position is legitimate if presented as such.,LF,LF,no,,
FC274,I'm entitled to my opinion,right-to-opinion dodge,informal: dialectical-procedural,Answering criticism by asserting a right to hold a view rather than defending it.,"""Whatever; I'm entitled to my opinion.""",Legal and moral freedom of opinion is real; it just doesn't settle whether the opinion is correct.,WIK,WIK,no,,
FC275,Instance to the contrary,diversion by counter-instance (apagoge),informal: dialectical-procedural,Refuting a universal claim with a single counterexample.,"""All swans are white."" ""Here's a black swan.""","This is legitimate reasoning; Schopenhauer notes how to use and resist it (check the instance is real, really falls under the claim, and really contradicts it).",SCH 25,SCH,no,,
FC276,Logic chopping,nit-picking; trivial objections; quibbling,informal: dialectical-procedural,Focusing on trivial technical points instead of the main issue.,Responding to an argument about a policy's effects only by noting a grammatical slip.,Technical precision matters when the point is precisely where the argument turns.,WIK; IEP; LF,WIK IEP LF,no,,
FC277,Meaningless question,ill-formed question,informal: dialectical-procedural,Asking a question that has no rational answer as posed.,"""What happens when an unstoppable force meets an immovable object?""",Such questions can be useful for exposing inconsistent concepts.,LF,LF,no,,
FC278,Moving the goalposts,raising the bar; shifting the goalposts,informal: dialectical-procedural,Demanding new or stronger evidence after the original demand is met.,"""Show me a transitional fossil."" ""Now show me one between those two.""",Raising standards is fair when new information shows the original test was inadequate.,WIK; LF,WIK LF,yes,F038,
FC279,Presumptive proof,fallacy of the presumptive proof (Fischer); shifting of the burden of proof; misplaced burden of proof; burden-of-proof evasion (pragma-dialectics),informal: dialectical-procedural,Advancing a claim and demanding others disprove it instead of supporting it.,"""I say the moon landing was faked; prove it wasn't.""","In some contexts the burden really lies with the other side (presumption of innocence, established consensus). Pragma-dialectics: breach of the burden-of-proof rule.",FIS (via Jenkins 2015); PD (burden of proof rule); IEP; LF,FIS PD IEP LF,no,,
FC280,Procrastinator's argument,"""Wait a little, this is not the time"" (Bentham, ad socordiam)",informal: dialectical-procedural,"Delaying a measure with claims that the time isn't right, aiming to avoid it altogether.","""Now is not the time to discuss reform.""",Timing really can matter; then say when the right time is and why.,BEN III.3,BEN,no,,
FC281,Rationalization,post hoc justification,informal: dialectical-procedural,"Offering reasons for a view or act that are not the real reasons, because they sound better.","""I bought the expensive car for its safety features.""",Reconstructing better reasons for a view one holds is fine if presented as such.,IEP; LF,IEP LF,no,,
FC282,Rejection instead of amendment,rejection instead of amendment (Bentham),informal: dialectical-procedural,Rejecting a whole proposal for a flaw that could easily be fixed by amendment.,"""There's a typo in section 4, so the bill must be voted down.""",A flaw may be essential to a proposal; then rejection is right.,BEN IV.15,BEN,no,,
FC283,Self-sealing argument (closed system),self-sealing; closed-system reasoning,informal: dialectical-procedural,Framing a position so any objection is reinterpreted as confirming it.,"""Your resistance to my diagnosis proves you're in denial.""",Some theories legitimately predict resistance; they still need independent tests.,LF,LF,no,,
FC284,Snail's-pace argument,"""One thing at a time! Not too fast!"" (Bentham, ad socordiam)",informal: dialectical-procedural,"Insisting on slow, piecemeal change to defeat a reform without opposing it openly.","""Let's reform one district per decade.""",Gradualism can be prudent to manage risk.,BEN III.4,BEN,no,,
FC285,Willed ignorance,wilful ignorance; argument by pigheadedness; invincible ignorance,informal: dialectical-procedural,Refusing to consider evidence in order to preserve one's beliefs.,"""I won't read that study; I know what I believe.""",Declining to re-litigate settled matters endlessly is reasonable.,WIK; IEP; LF,WIK IEP LF,no,,
FC286,Alphabet soup,acronym overload,rhetorical stratagem,Using many acronyms and jargon to appear knowledgeable or confuse.,"""Our KPI-driven ROI on the B2B SaaS GTM...""",Technical vocabulary is efficient among specialists.,LF,LF,no,,
FC287,Alternative advance,false choice between equivalents,rhetorical stratagem,"Offering two choices that amount to the same thing, as if they were a real choice.","""Would you like to sign today or tomorrow?""",Offering real alternatives is fine.,LF,LF,no,,
FC288,Appeal to interest,argumentum ad commodum; working on the will (Schopenhauer),rhetorical stratagem,"Winning agreement by showing that a view conflicts with the opponent's or audience's interests, rather than that it's false.","""If you accept this theory, your department loses funding.""","For practical decisions, interests are legitimate considerations.",SCH 35,SCH,no,,
FC289,Arguing from the opponent's false beliefs,ex concessis false premises (Schopenhauer),rhetorical stratagem,"Using premises you know are false but your opponent accepts, to win agreement to a conclusion.",Using an opponent's misreading of a statistic to push them toward your conclusion.,Showing that someone's own (mistaken) beliefs commit them to a conclusion is a legitimate internal critique if presented as such.,SCH 5,SCH,no,,
FC290,Argument by gibberish,bombast (Schopenhauer); mere bombast,rhetorical stratagem,Using impressive but meaningless jargon so the audience assumes there must be sense in it.,"""Consciousness is a non-local quantum holographic field of meaning.""",Hard technical writing isn't gibberish if it can be unpacked.,SCH 36; LF,SCH LF,no,,
FC291,Argumentum ad auditores,appeal to the audience (Schopenhauer),rhetorical stratagem,"Raising an invalid objection that only an expert would see is invalid, so the audience sides with you.","A quick, technically wrong objection that gets a laugh and that takes ten minutes to refute.",Clear public explanation is good; the fault is exploiting the audience's ignorance.,SCH 28,SCH,no,,
FC292,Asking the converse,reverse-psychology question (Schopenhauer),rhetorical stratagem,"When an opponent contrarily answers ""no"", asking the converse so their ""no"" gives you what you want.","""Do you think this is unimportant?"" to someone sure to disagree.",None as a tactic.,SCH 10,SCH,no,,
FC293,Claiming victory despite failure,triumphant non sequitur (Schopenhauer),rhetorical stratagem,"Announcing that a conclusion has been proved when the answers didn't support it, relying on confidence and the audience.","""So, as we've established, you were wrong.""",None as a tactic; summarising a real result is fine.,SCH 14,SCH,no,,
FC294,Concealing the conclusion,piecemeal premise-gathering; hidden aim (Schopenhauer),rhetorical stratagem,"Getting premises admitted one by one, scattered through talk, so the opponent doesn't see where they lead.",A salesperson getting small yeses on unrelated-seeming points before springing the contract.,Building agreement step by step is ordinary Socratic method when the conclusion is then openly drawn and contestable.,SCH 4; ARI-SE 15 (tactics of concealment),ARI-SE SCH,no,,
FC295,Counter-sophism,answering sophistry with sophistry; fighting fire with fire,rhetorical stratagem,"Replying to a superficial or sophistical argument with an equally sophistical counter-argument, since victory is the aim.",Meeting a pun-based objection with a pun-based rebuttal.,Exposing a sophism by parody (showing the same form yields absurdity) is legitimate.,SCH 21,SCH,no,,
FC296,Deceptive sharing,availability exploitation (sharing),rhetorical stratagem,"Sharing rare events to make them seem common, shaping perception of frequency.",Posting every local dog attack to suggest dog attacks are an epidemic.,Sharing real cases is fine when accompanied by base rates.,LF,LF,no,,
FC297,Drawing the conclusion yourself,premature conclusion (Schopenhauer),rhetorical stratagem,"Drawing the conclusion yourself instead of asking the opponent, even if a premise is missing.","""So, having agreed to those points, you accept my position.""",Drawing a conclusion is fine when all premises are actually conceded.,SCH 20,SCH,no,,
FC298,Feigned incompetence,"ironic self-deprecation; ""this passes my poor powers of comprehension"" (Schopenhauer)",rhetorical stratagem,"Declaring oneself unable to understand an argument, implying it's nonsense.","""I'm just a simple country lawyer, but this makes no sense to me.""","Honest admission that one doesn't follow, with a request for clarification, is a virtue.",SCH 31,SCH,no,,
FC299,Forced consequences,false inference to absurd consequences (Schopenhauer),rhetorical stratagem,"Drawing absurd or dangerous consequences from an opponent's claim by distortion, then refuting the claim.","""You support a carbon tax; so you want poor families to freeze.""",A real reductio (showing true implications) is legitimate.,SCH 24,SCH,no,,related/partial: F002 Straw Man
FC300,Generalizing the objection,retreating to a general complaint (Schopenhauer),rhetorical stratagem,"When asked for a specific objection, attacking the general uncertainty of knowledge instead.","""Why reject this hypothesis?"" ""All human knowledge is fallible.""",General scepticism is a philosophical position to be argued on its own.,SCH 19,SCH,no,,
FC301,Hypnotic bait and switch,bait and switch (rhetorical),rhetorical stratagem,"Stating several uncontroversial truths in a row, then slipping in the claim you want accepted.","""You want a safe neighbourhood. You love your kids. You care about schools. So vote for my measure.""","Building on agreed points is the normal way to argue, if the last step actually follows.",LF,LF,no,,
FC302,Leading into paradox,paradox as sophistic aim (Aristotle),rhetorical stratagem,"Steering an answerer into stating something wildly implausible, so they appear refuted.","Getting an answerer to ""admit"" that nobody ever learns anything.",Showing that a view really implies a paradox is legitimate criticism.,ARI-SE 3 165b13; ARI-SE 12,ARI-SE,no,,
FC303,Leading into solecism,solecism (Aristotle),rhetorical stratagem,Steering the opponent into an ungrammatical expression so they appear to have erred.,Tripping a speaker into a grammatical slip and treating it as a refutation.,None as an argument.,ARI-SE 3; ARI-SE 14,ARI-SE,no,,
FC304,Making the opponent angry,provocation (Schopenhauer),rhetorical stratagem,Provoking anger so the opponent judges badly.,Repeated small insults during a debate to rattle the other side.,None as a tactic; emotional honesty about real wrongs is different.,SCH 8,SCH,no,,
FC305,Many questions at once (wide-compass questioning),questioning in wide compass (Schopenhauer),rhetorical stratagem,Asking many sweeping questions together to hide which admission you really need.,A cross-examiner piling up questions so a key concession slips by.,Comprehensive questioning is fine when each answer is given full attention.,SCH 7; ARI-SE 15,ARI-SE SCH,no,,related/partial: F016 Complex Question
FC306,Odious category,label-and-dismiss; putting it in an odious category (Schopenhauer),rhetorical stratagem,"Getting rid of an assertion by putting it in a hated category (""That's Manichaeism"", ""That's socialism"").","""That's just communism.""",Correctly classifying a view can point to known objections to that class of view.,SCH 32,SCH,no,,related/partial: F025 Guilt by Association
FC307,Paradox trap,true-premise trap (Schopenhauer),rhetorical stratagem,"Offering a true but unobvious proposition; if rejected, reduce the rejection to absurdity; if accepted, use it.","""Surely you agree some taxes are just?"" used to trap either way.",Testing someone's view with a true proposition is legitimate in inquiry.,SCH 15,SCH,no,,
FC308,Pressing the sore point,press where the opponent is angry (Schopenhauer),rhetorical stratagem,"Pressing hardest exactly where the opponent shows anger, presuming it's their weak spot.","""You seem upset when I mention the audit; let's talk more about the audit.""",Noticing a defensive reaction may point to an issue worth examining fairly.,SCH 27,SCH,no,,
FC309,Provoking exaggeration,goading into overstatement (Schopenhauer),rhetorical stratagem,"Contradicting an opponent to drive them to overstate a true claim, then refuting the overstatement.","Pushing someone from ""this policy has risks"" to ""this policy will destroy us,"" then refuting the latter.",None as a tactic; do let people restate their own claim precisely.,SCH 23,SCH,no,,
FC310,Reducing to babbling,making the opponent babble (Aristotle); forcing repetition,rhetorical stratagem,"Constraining the answerer to repeat themselves pointlessly, so they appear foolish.","Pressing ""double what?"" questions until the answerer says ""double double"" (Aristotle's examples).",Asking for clarification is legitimate.,ARI-SE 3 165b16; ARI-SE 13,ARI-SE,no,,
FC311,Refusing a premise as question-begging,false accusation of petitio (Schopenhauer),rhetorical stratagem,Refusing to admit a premise close to the point in dispute by calling it question-begging.,"""You're begging the question!"" in reply to a fair, independent premise.",Rightly objecting to an actual petitio is legitimate.,SCH 22,SCH,no,,
FC312,Retorsio argumenti,turning the tables; retort,rhetorical stratagem,Turning the opponent's own argument against them.,"""He's a child, make allowances."" ""Precisely because he's a child, I must correct him.""",Legitimate when the turned argument really supports the other side.,SCH 26,SCH,no,,
FC313,Shoehorning,force-fitting events,rhetorical stratagem,Force-fitting current events into one's agenda after the fact.,"""This storm proves my political point.""",Applying a theory to a new event is fine if the fit is tested.,LF,LF,no,,
FC314,Shuffled questioning,disordered questions (Schopenhauer),rhetorical stratagem,Asking questions out of logical order so the opponent can't see the aim.,"Asking about step 4, then 1, then 3, so the chain isn't noticed.",Varying order is fine in genuine inquiry where no trap is intended.,SCH 9,SCH,no,,
FC315,Spin doctoring,spin,rhetorical stratagem,Presenting information in a misleading frame so it's interpreted as you want.,"Calling a 20% loss ""a solid foundation for future growth.""",Framing is inevitable; the fault is concealing relevant facts.,LF,LF,no,,
FC316,Spurious probability (making the weaker argument stronger),Corax's argument; eikos reversal; making the worse argument seem better,rhetorical stratagem,"Treating a case's very improbability as making it probable (""I'm too obviously suspect to have done it"").","""A strong man wouldn't assault anyone; everyone would suspect him,"" turned into a defence.",Probabilistic reasoning about how suspicion affects behaviour can be sound if the numbers work.,ARI-RH II.24 (line 9) 1402a3–28 (Protagoras' training criticized),ARI-RH,no,,
FC317,Thought-terminating cliché,thought-stopper,rhetorical stratagem,A stock phrase used to end thinking on a topic.,"""It is what it is.""",Folk sayings can encode real wisdom when offered as a reason.,WIK,WIK,no,,
FC318,Unasked general conclusion,induction treated as conceded (Schopenhauer),rhetorical stratagem,"After getting particular cases granted, treating the general conclusion as admitted without ever asking.","""You agreed on all these cases, so we agree on the rule.""",Summarising agreed cases into a rule is fine if the rule is then explicitly offered for acceptance.,SCH 11,SCH,no,,
FC319,Anchoring,anchoring effect,cognitive bias (not a fallacy),Over-relying on the first number or piece of information encountered.,Estimating a house's value higher after seeing a high asking price.,A heuristic that can be adaptive when anchors are informative.,Tversky & Kahneman 1974 (Science 185), LIT,no,,
FC320,Availability heuristic,availability bias,cognitive bias (not a fallacy),Judging frequency or probability by how easily examples come to mind.,Overrating plane crash risk after seeing crash coverage.,"A useful, often accurate shortcut; the error appears when memorability and frequency come apart.","IEP ""Availability Heuristic""; Tversky & Kahneman 1973 (Cognitive Psychology 5); WIKB",IEP WIKB,no,,
FC321,Bandwagon effect,herd behaviour,cognitive bias (not a fallacy),Tendency to adopt beliefs or behaviours because many others do.,Buying a stock because everyone is buying it.,Social learning is often rational; the fallacy is the explicit inference (see Bandwagon fallacy).,"Wikipedia ""List of cognitive biases""; WIKB",WIKB,no,,related/partial: F006 Bandwagon Fallacy
FC322,Belief bias,belief-bias effect,cognitive bias (not a fallacy),Judging an argument's validity by whether you believe its conclusion.,Accepting an invalid syllogism because its conclusion sounds right.,"Background plausibility is relevant to whether to accept a conclusion, just not to validity.","Evans, Barston & Pollard 1983 (Memory & Cognition 11); WIKB",WIKB,no,,
FC323,Confirmation bias,myside bias; selective exposure,cognitive bias (not a fallacy),"Tendency to seek, notice and remember information that confirms what you already believe.",Only reading reviews of a car you already bought.,Not a fallacy but a tendency; it can produce cherry-picking or hasty generalization. Testing a favoured hypothesis first can be efficient if disconfirmation is also sought.,"IEP ""Confirmation Bias""; Nickerson 1998 (Review of General Psychology 2); SEP §4.4; WIKB",SEP IEP WIKB,no,,
FC324,Dunning–Kruger effect,Dunning-Kruger,cognitive bias (not a fallacy),Low-skill individuals overestimating their competence (as reported).,A novice confidently correcting experts.,Interpretation is contested (statistical artefact debates); not a fallacy.,Kruger & Dunning 1999 (JPSP 77); WIKB,WIKB,no,,
FC325,Focusing illusion,focalism,cognitive bias (not a fallacy),Overweighting whatever aspect one is focusing on.,Thinking moving to California would make one much happier because of the weather.,Focus is necessary; the fault is forgetting what lies outside it.,Schkade & Kahneman 1998 (Psych. Science 9); SEP §4.4 (Correia 2011),SEP,no,,
FC326,Framing effect,framing,cognitive bias (not a fallacy),Responding differently to the same information depending on how it is presented.,"Preferring a treatment with ""90% survival"" over one with ""10% mortality"".",Frames can carry real information about the speaker's recommendation.,Tversky & Kahneman 1981 (Science 211); WIKB,WIKB,no,,
FC327,Fundamental attribution error,correspondence bias,cognitive bias (not a fallacy),Over-attributing others' behaviour to character rather than circumstances.,"""He was late because he's lazy"" (not because of traffic).",Character inferences are sometimes correct when behaviour is consistent across situations.,Ross 1977 (Advances in Exp. Social Psychology 10); WIKB,WIKB,no,,
FC328,Halo effect,halo error,cognitive bias (not a fallacy),Letting a good impression in one area colour judgments in unrelated areas.,Assuming an attractive candidate is also competent.,Traits do sometimes correlate; the bias is over-generalizing.,Thorndike 1920 (J. Applied Psychology 4); WIKB,WIKB,no,,
FC329,Hindsight bias,knew-it-all-along effect,cognitive bias (not a fallacy),Seeing past events as having been more predictable than they were.,"""I knew the market would crash.""",Not a fallacy; it underlies the historian's fallacy and retrospective determinism.,Fischhoff 1975 (JEP: Human Perception and Performance 1); WIKB,WIKB,no,,
FC330,Hyperbolic discounting,present bias,cognitive bias (not a fallacy),Preferring smaller rewards now over larger later rewards in a way that reverses as the delay shrinks.,"Choosing $50 today over $100 next month, but $100 in 13 months over $50 in 12.",Some discounting of the future is rational (uncertainty).,"IEP ""Hyperbolic Discounting""; Ainslie 1975 (Psych. Bulletin 82); WIKB",IEP WIKB,no,,
FC331,Illusory correlation,clustering illusion,cognitive bias (not a fallacy),"Perceiving a relationship between variables, or patterns in random data, that isn't there.",Believing full moons cause more ER visits.,Pattern detection is essential; the fault is not testing apparent patterns.,Chapman 1967 (J. Verbal Learning & Verbal Behavior 6); WIKB,WIKB,no,,related/partial: F035 Texas Sharpshooter
FC332,Motivated reasoning,motivated inference,cognitive bias (not a fallacy),Reasoning shaped by what one wants to conclude.,Scrutinizing studies that oppose one's diet far harder than those that support it.,"Not a fallacy; it is a cause of many fallacies (Mill's ""moral causes"" of fallacies; Thagard 2011).",Kunda 1990 (Psych. Bulletin 108); SEP §4.4,SEP,no,,
FC333,Overconfidence,overconfidence effect,cognitive bias (not a fallacy),Being more confident in one's judgments than their accuracy warrants.,"Being ""99% sure"" of answers that are right 80% of the time.",Confidence can be adaptive for action; calibrate it for belief.,"Lichtenstein, Fischhoff & Phillips 1982 (in Kahneman, Slovic & Tversky eds.); WIKB",WIKB,no,,
FC334,Rhyme-as-reason effect,Eaton-Rosen phenomenon,cognitive bias (not a fallacy),Judging rhyming statements as more truthful.,"""If it doesn't fit, you must acquit.""",A memory aid; not evidence.,McGlone & Tofighbakhsh 2000 (Psych. Science 11); WIKB,WIKB,no,,
FC335,Self-fulfilling prophecy,self-fulfilling prophecy,cognitive bias (not a fallacy),"A belief or prediction that causes itself to come true, then is taken as having been correct all along.",A bank rumoured to fail suffers a run and fails.,Recognizing self-fulfilling dynamics is itself good reasoning (Merton 1948).,"IEP ""Self-Fulfilling Prophecy""; Merton 1948 (Antioch Review 8)",IEP,no,,
FC336,Status quo bias,status-quo bias,cognitive bias (not a fallacy),Preferring the current state of affairs merely because it is current.,Keeping a default pension plan without comparing.,Switching costs and uncertainty can make the status quo rationally preferable.,Samuelson & Zeckhauser 1988 (J. Risk & Uncertainty 1); WIKB,WIKB,no,,
